{
  "run_id": "msrc-core-plus-dialectic-heterogeneous-elevated-adaptive-msrc-aggressive",
  "policy_name": "adaptive_msrc_aggressive",
  "level": "heterogeneous_elevated",
  "topology": "gradient_ns",
  "total_episodes": 1,
  "successful": 1,
  "failed": 0,
  "errors": 0,
  "success_rate": 1.0,
  "avg_metrics": {
    "intervention_precision": -0.05128205128205133,
    "proposition_diversity": 2.321928094887362,
    "spatial_information_usage": 0.2,
    "wall_time_ms": 189.47834799973862,
    "artifact_size_bytes": 12228.0,
    "reasoning_trace_length": 7.0,
    "ivc_r": 0.05142253210334731,
    "viability_margin": 0.9344,
    "family_mix_entropy": 2.807354922057604
  },
  "failure_distribution": {},
  "collapse_count": 0,
  "optional_family_usage_rate": 1.0,
  "family_specific_activation_counts": {
    "ABD": 1,
    "ANA": 1,
    "CAU": 1,
    "CTF": 1,
    "DED": 1,
    "DIA_ADV": 1,
    "PROB": 1
  },
  "family_impact_aggregates": {
    "family_contribution_proxy": {
      "ABD": 0.15017064846416386,
      "ANA": 0.15017064846416386,
      "CAU": 0.15017064846416386,
      "CTF": 0.15017064846416386,
      "DED": 0.15017064846416386,
      "DIA_ADV": 0.09897610921501708,
      "PROB": 0.15017064846416386
    },
    "family_delta_ivc_r": {
      "ABD": 0.007722154991628949,
      "ANA": 0.007722154991628949,
      "CAU": 0.007722154991628949,
      "CTF": 0.007722154991628949,
      "DED": 0.007722154991628949,
      "DIA_ADV": 0.0050896021535736255,
      "PROB": 0.007722154991628949
    },
    "family_delta_intervention_precision": {
      "ABD": -0.007701058895598154,
      "ANA": -0.007701058895598154,
      "CAU": -0.007701058895598154,
      "CTF": -0.007701058895598154,
      "DED": -0.007701058895598154,
      "DIA_ADV": -0.005075697908462419,
      "PROB": -0.007701058895598154
    },
    "family_delta_viability_margin": {
      "ABD": 0.1403194539249147,
      "ANA": 0.1403194539249147,
      "CAU": 0.1403194539249147,
      "CTF": 0.1403194539249147,
      "DED": 0.1403194539249147,
      "DIA_ADV": 0.09248327645051196,
      "PROB": 0.1403194539249147
    },
    "family_delta_reasoning_trace_length": {
      "ABD": 1.0,
      "ANA": 1.0,
      "CAU": 1.0,
      "CTF": 1.0,
      "DED": 1.0,
      "DIA_ADV": 1.0,
      "PROB": 1.0
    },
    "family_delta_success_rate": {
      "ABD": 0.15017064846416386,
      "ANA": 0.15017064846416386,
      "CAU": 0.15017064846416386,
      "CTF": 0.15017064846416386,
      "DED": 0.15017064846416386,
      "DIA_ADV": 0.09897610921501708,
      "PROB": 0.15017064846416386
    },
    "family_delta_spatial_information_usage": {
      "ABD": 0.030034129692832773,
      "ANA": 0.030034129692832773,
      "CAU": 0.030034129692832773,
      "CTF": 0.030034129692832773,
      "DED": 0.030034129692832773,
      "DIA_ADV": 0.01979522184300342,
      "PROB": 0.030034129692832773
    }
  },
  "proxy_mapping": {
    "closure_rate": "success_rate",
    "continuity_mean": "viability_margin"
  },
  "msrc_metrics": {
    "scale_selection_accuracy": 1.0,
    "upgrade_regret": 0,
    "downgrade_regret": 0,
    "missed_upgrade_regret": 1,
    "keep_scale_rate": 1.0,
    "upgrade_rate": 0.0,
    "downgrade_rate": 0.0,
    "probe_rate": 0.0,
    "probe_commit_rate": 0.0,
    "oscillation_rate": 0.0,
    "probe_value_rate": 0.0,
    "mean_resolution_cost": 1.0,
    "resolution_efficiency": 0.05142253210334731,
    "cross_scale_memory_contamination_rate": 0.1111111111111111,
    "vram_headroom_mean": 0.996704,
    "vram_peak_ratio": 0.003296,
    "vram_recompute_avoided": 0,
    "vram_enabled_probe_success_rate": 0.0,
    "vram_efficiency_after_intelligence": 15.601496390578674,
    "selected_scale_distribution": {
      "1x1": 1
    },
    "regime_distribution": {},
    "regime_probe_rate": {}
  },
  "generated_at": "2026-04-21T17:51:05.634928+00:00"
}