{
  "scenario": "heterogeneous_warning__core_plus_dialectic",
  "reasoning_mode": "fixed",
  "family_profile": "core_plus_dialectic",
  "regime_label": "heterogeneous_warning",
  "total_episodes": 8,
  "successful": 0,
  "failed": 8,
  "errors": 0,
  "success_rate": 0.0,
  "avg_metrics": {
    "intervention_precision": 0.06709558823529399,
    "proposition_diversity": 3.169925001442312,
    "spatial_information_usage": 0.8888888888888891,
    "wall_time_ms": 188.61488162499995,
    "artifact_size_bytes": 22367.125,
    "reasoning_trace_length": 6.0,
    "ivc_r": 0.0038508313144264145,
    "family_mix_entropy": 2.584962500721156,
    "viability_margin": 0.8948999999999999
  },
  "failure_distribution": {
    "total_episodes": 8,
    "total_failures": 8,
    "failure_rate": 1.0,
    "failure_distribution": {
      "certification_failed": 8
    },
    "secondary_causes": {
      "spatial_complexity": 8
    }
  },
  "optional_family_usage_rate": 1.0,
  "family_specific_activation_counts": {
    "ABD": 8,
    "ANA": 8,
    "CAU": 8,
    "CTF": 8,
    "DED": 0,
    "DIA_ADV": 8,
    "PROB": 8
  },
  "family_impact_aggregates": {
    "family_contribution_proxy": {
      "ABD": 0.17563025210084038,
      "ANA": 0.17563025210084038,
      "CAU": 0.17563025210084038,
      "CTF": 0.17563025210084038,
      "DIA_ADV": 0.12184873949579833,
      "PROB": 0.17563025210084038
    },
    "family_delta_ivc_r": {
      "ABD": 0.0006763224745505217,
      "ANA": 0.0006763224745505217,
      "CAU": 0.0006763224745505217,
      "CTF": 0.0006763224745505217,
      "DIA_ADV": 0.00046921894167380684,
      "PROB": 0.0006763224745505217
    },
    "family_delta_intervention_precision": {
      "ABD": 0.011784015076618862,
      "ANA": 0.011784015076618862,
      "CAU": 0.011784015076618862,
      "CTF": 0.011784015076618862,
      "DIA_ADV": 0.008175512852199689,
      "PROB": 0.011784015076618862
    },
    "family_delta_viability_margin": {
      "ABD": 0.15717151260504206,
      "ANA": 0.15717151260504206,
      "CAU": 0.15717151260504206,
      "CTF": 0.15717151260504206,
      "DIA_ADV": 0.10904243697478996,
      "PROB": 0.15717151260504206
    },
    "family_delta_reasoning_trace_length": {
      "ABD": 1.0,
      "ANA": 1.0,
      "CAU": 1.0,
      "CTF": 1.0,
      "DIA_ADV": 1.0,
      "PROB": 1.0
    },
    "family_delta_success_rate": {
      "ABD": 0.0,
      "ANA": 0.0,
      "CAU": 0.0,
      "CTF": 0.0,
      "DIA_ADV": 0.0,
      "PROB": 0.0
    },
    "family_delta_spatial_information_usage": {
      "ABD": 0.15611577964519144,
      "ANA": 0.15611577964519144,
      "CAU": 0.15611577964519144,
      "CTF": 0.15611577964519144,
      "DIA_ADV": 0.10830999066293187,
      "PROB": 0.15611577964519144
    }
  }
}