{
  "scenario": "viability_edge__core_only",
  "reasoning_mode": "fixed",
  "family_profile": "core_only",
  "regime_label": "viability_edge",
  "total_episodes": 8,
  "successful": 8,
  "failed": 0,
  "errors": 0,
  "success_rate": 1.0,
  "avg_metrics": {
    "intervention_precision": 0.0404210526315786,
    "proposition_diversity": 2.584962500721156,
    "spatial_information_usage": 0.8333333333333333,
    "wall_time_ms": 270.74533825006597,
    "artifact_size_bytes": 536071.625,
    "reasoning_trace_length": 6.0,
    "ivc_r": 0.41487574770216357,
    "family_mix_entropy": 2.584962500721156,
    "viability_margin": 0.9017
  },
  "failure_distribution": {
    "total_episodes": 8,
    "total_failures": 0,
    "failure_rate": 0.0,
    "failure_distribution": {},
    "secondary_causes": {
      "weak_cooling": 8,
      "spatial_complexity": 8
    }
  },
  "optional_family_usage_rate": 0.0,
  "family_specific_activation_counts": {
    "ABD": 8,
    "ANA": 8,
    "CAU": 8,
    "CTF": 8,
    "DED": 8,
    "DIA_ADV": 0,
    "EML_SR": 0,
    "FAL_GUARD": 0,
    "HEUR": 0,
    "IND": 0,
    "PROB": 8
  },
  "family_impact_aggregates": {
    "family_contribution_proxy": {
      "ABD": 0.1666666666666667,
      "ANA": 0.1666666666666667,
      "CAU": 0.1666666666666667,
      "CTF": 0.1666666666666667,
      "DED": 0.1666666666666667,
      "PROB": 0.1666666666666667
    },
    "family_delta_ivc_r": {
      "ABD": 0.0691459579503606,
      "ANA": 0.0691459579503606,
      "CAU": 0.0691459579503606,
      "CTF": 0.0691459579503606,
      "DED": 0.0691459579503606,
      "PROB": 0.0691459579503606
    },
    "family_delta_intervention_precision": {
      "ABD": 0.006736842105263102,
      "ANA": 0.006736842105263102,
      "CAU": 0.006736842105263102,
      "CTF": 0.006736842105263102,
      "DED": 0.006736842105263102,
      "PROB": 0.006736842105263102
    },
    "family_delta_viability_margin": {
      "ABD": 0.15028333333333335,
      "ANA": 0.15028333333333335,
      "CAU": 0.15028333333333335,
      "CTF": 0.15028333333333335,
      "DED": 0.15028333333333335,
      "PROB": 0.15028333333333335
    },
    "family_delta_reasoning_trace_length": {
      "ABD": 1.0,
      "ANA": 1.0,
      "CAU": 1.0,
      "CTF": 1.0,
      "DED": 1.0,
      "PROB": 1.0
    },
    "family_delta_success_rate": {
      "ABD": 0.1666666666666667,
      "ANA": 0.1666666666666667,
      "CAU": 0.1666666666666667,
      "CTF": 0.1666666666666667,
      "DED": 0.1666666666666667,
      "PROB": 0.1666666666666667
    },
    "family_delta_spatial_information_usage": {
      "ABD": 0.13888888888888892,
      "ANA": 0.13888888888888892,
      "CAU": 0.13888888888888892,
      "CTF": 0.13888888888888892,
      "DED": 0.13888888888888892,
      "PROB": 0.13888888888888892
    }
  }
}