{
  "scenario": "homogeneous_safe__core_plus_guard",
  "reasoning_mode": "fixed",
  "family_profile": "core_plus_guard",
  "regime_label": "homogeneous_safe",
  "total_episodes": 1,
  "successful": 0,
  "failed": 1,
  "errors": 0,
  "success_rate": 0.0,
  "avg_metrics": {
    "intervention_precision": 0.0,
    "proposition_diversity": 0.0,
    "spatial_information_usage": 0.0,
    "wall_time_ms": 0.0,
    "artifact_size_bytes": 0.0,
    "reasoning_trace_length": 0.0,
    "ivc_r": 0.0,
    "family_mix_entropy": 0.0,
    "viability_margin": 0.0
  },
  "failure_distribution": {
    "total_episodes": 1,
    "total_failures": 1,
    "failure_rate": 1.0,
    "failure_distribution": {
      "certification_failed": 1
    },
    "secondary_causes": {}
  },
  "optional_family_usage_rate": 1.0,
  "family_specific_activation_counts": {
    "ABD": 1,
    "ANA": 1,
    "CAU": 1,
    "CTF": 1,
    "DED": 0,
    "FAL_GUARD": 1,
    "PROB": 1
  },
  "family_impact_aggregates": {
    "family_contribution_proxy": {
      "ABD": 0.16822429906542058,
      "ANA": 0.16822429906542058,
      "CAU": 0.16822429906542058,
      "CTF": 0.16822429906542058,
      "FAL_GUARD": 0.1588785046728972,
      "PROB": 0.16822429906542058
    },
    "family_delta_ivc_r": {
      "ABD": 6.968802946999615e-05,
      "ANA": 6.968802946999615e-05,
      "CAU": 6.968802946999615e-05,
      "CTF": 6.968802946999615e-05,
      "FAL_GUARD": 6.581647227721858e-05,
      "PROB": 6.968802946999615e-05
    },
    "family_delta_intervention_precision": {
      "ABD": -0.010853180584865852,
      "ANA": -0.010853180584865852,
      "CAU": -0.010853180584865852,
      "CTF": -0.010853180584865852,
      "FAL_GUARD": -0.01025022610792886,
      "PROB": -0.010853180584865852
    },
    "family_delta_viability_margin": {
      "ABD": 0.15718878504672898,
      "ANA": 0.15718878504672898,
      "CAU": 0.15718878504672898,
      "CTF": 0.15718878504672898,
      "FAL_GUARD": 0.14845607476635514,
      "PROB": 0.15718878504672898
    },
    "family_delta_reasoning_trace_length": {
      "ABD": 1.0,
      "ANA": 1.0,
      "CAU": 1.0,
      "CTF": 1.0,
      "FAL_GUARD": 1.0,
      "PROB": 1.0
    },
    "family_delta_success_rate": {
      "ABD": 0.0,
      "ANA": 0.0,
      "CAU": 0.0,
      "CTF": 0.0,
      "FAL_GUARD": 0.0,
      "PROB": 0.0
    },
    "family_delta_spatial_information_usage": {
      "ABD": 0.13457943925233648,
      "ANA": 0.13457943925233648,
      "CAU": 0.13457943925233648,
      "CTF": 0.13457943925233648,
      "FAL_GUARD": 0.12710280373831775,
      "PROB": 0.13457943925233648
    }
  }
}