{
  "scenario": "homogeneous_safe__core_plus_heur",
  "reasoning_mode": "fixed",
  "family_profile": "core_plus_heur",
  "regime_label": "homogeneous_safe",
  "total_episodes": 1,
  "successful": 1,
  "failed": 0,
  "errors": 0,
  "success_rate": 1.0,
  "avg_metrics": {
    "intervention_precision": -0.06451612903225812,
    "proposition_diversity": 2.321928094887362,
    "spatial_information_usage": 0.8,
    "wall_time_ms": 528.1675440000981,
    "artifact_size_bytes": 436456.0,
    "reasoning_trace_length": 7.0,
    "ivc_r": 0.046498890826592365,
    "family_mix_entropy": 2.807354922057604,
    "viability_margin": 0.9414
  },
  "failure_distribution": {
    "total_episodes": 1,
    "total_failures": 0,
    "failure_rate": 0.0,
    "failure_distribution": {},
    "secondary_causes": {}
  },
  "optional_family_usage_rate": 1.0,
  "backbone_floor_satisfied_rate": 1.0,
  "sequence_validation_fail_rate": 0.0,
  "fallback_to_safe_sequence_rate": 0.0,
  "optional_displacement_rate": 0.0,
  "closure_break_rate": 0.0,
  "family_specific_activation_counts": {
    "ABD": 1,
    "ANA": 1,
    "CAU": 1,
    "CTF": 1,
    "DED": 1,
    "HEUR": 1,
    "PROB": 1
  },
  "family_impact_aggregates": {
    "family_contribution_proxy": {
      "ABD": 0.13793103448275862,
      "ANA": 0.13793103448275862,
      "CAU": 0.13793103448275862,
      "CTF": 0.13793103448275862,
      "DED": 0.13793103448275862,
      "HEUR": 0.1724137931034483,
      "PROB": 0.13793103448275862
    },
    "family_delta_ivc_r": {
      "ABD": 0.00641364011401274,
      "ANA": 0.00641364011401274,
      "CAU": 0.00641364011401274,
      "CTF": 0.00641364011401274,
      "DED": 0.00641364011401274,
      "HEUR": 0.008017050142515926,
      "PROB": 0.00641364011401274
    },
    "family_delta_intervention_precision": {
      "ABD": -0.008898776418242499,
      "ANA": -0.008898776418242499,
      "CAU": -0.008898776418242499,
      "CTF": -0.008898776418242499,
      "DED": -0.008898776418242499,
      "HEUR": -0.011123470522803125,
      "PROB": -0.008898776418242499
    },
    "family_delta_viability_margin": {
      "ABD": 0.12984827586206896,
      "ANA": 0.12984827586206896,
      "CAU": 0.12984827586206896,
      "CTF": 0.12984827586206896,
      "DED": 0.12984827586206896,
      "HEUR": 0.16231034482758622,
      "PROB": 0.12984827586206896
    },
    "family_delta_reasoning_trace_length": {
      "ABD": 1.0,
      "ANA": 1.0,
      "CAU": 1.0,
      "CTF": 1.0,
      "DED": 1.0,
      "HEUR": 1.0,
      "PROB": 1.0
    },
    "family_delta_success_rate": {
      "ABD": 0.13793103448275862,
      "ANA": 0.13793103448275862,
      "CAU": 0.13793103448275862,
      "CTF": 0.13793103448275862,
      "DED": 0.13793103448275862,
      "HEUR": 0.1724137931034483,
      "PROB": 0.13793103448275862
    },
    "family_delta_spatial_information_usage": {
      "ABD": 0.1103448275862069,
      "ANA": 0.1103448275862069,
      "CAU": 0.1103448275862069,
      "CTF": 0.1103448275862069,
      "DED": 0.1103448275862069,
      "HEUR": 0.13793103448275865,
      "PROB": 0.1103448275862069
    }
  }
}