{
  "scenario": "vram_favorable__core_plus_heur",
  "reasoning_mode": "fixed",
  "family_profile": "core_plus_heur",
  "regime_label": "vram_favorable",
  "total_episodes": 8,
  "successful": 8,
  "failed": 0,
  "errors": 0,
  "success_rate": 1.0,
  "avg_metrics": {
    "intervention_precision": -0.0020000000000001956,
    "proposition_diversity": 2.0,
    "spatial_information_usage": 0.75,
    "wall_time_ms": 423.1238012499716,
    "artifact_size_bytes": 478650.0,
    "reasoning_trace_length": 7.0,
    "ivc_r": 0.04684712652345933,
    "family_mix_entropy": 2.8073549220576046,
    "viability_margin": 0.9413999999999999
  },
  "failure_distribution": {
    "total_episodes": 8,
    "total_failures": 0,
    "failure_rate": 0.0,
    "failure_distribution": {},
    "secondary_causes": {
      "tight_threshold": 8
    }
  },
  "optional_family_usage_rate": 1.0,
  "family_specific_activation_counts": {
    "ABD": 8,
    "ANA": 8,
    "CAU": 8,
    "CTF": 8,
    "DED": 8,
    "HEUR": 8,
    "PROB": 8
  },
  "family_impact_aggregates": {
    "family_contribution_proxy": {
      "ABD": 0.13793103448275865,
      "ANA": 0.13793103448275865,
      "CAU": 0.13793103448275865,
      "CTF": 0.13793103448275865,
      "DED": 0.13793103448275865,
      "HEUR": 0.1724137931034483,
      "PROB": 0.13793103448275865
    },
    "family_delta_ivc_r": {
      "ABD": 0.006461672623925424,
      "ANA": 0.006461672623925424,
      "CAU": 0.006461672623925424,
      "CTF": 0.006461672623925424,
      "DED": 0.006461672623925424,
      "HEUR": 0.00807709077990678,
      "PROB": 0.006461672623925424
    },
    "family_delta_intervention_precision": {
      "ABD": -0.00027586206896554414,
      "ANA": -0.00027586206896554414,
      "CAU": -0.00027586206896554414,
      "CTF": -0.00027586206896554414,
      "DED": -0.00027586206896554414,
      "HEUR": -0.00034482758620693024,
      "PROB": -0.00027586206896554414
    },
    "family_delta_viability_margin": {
      "ABD": 0.12984827586206896,
      "ANA": 0.12984827586206896,
      "CAU": 0.12984827586206896,
      "CTF": 0.12984827586206896,
      "DED": 0.12984827586206896,
      "HEUR": 0.16231034482758622,
      "PROB": 0.12984827586206896
    },
    "family_delta_reasoning_trace_length": {
      "ABD": 1.0,
      "ANA": 1.0,
      "CAU": 1.0,
      "CTF": 1.0,
      "DED": 1.0,
      "HEUR": 1.0,
      "PROB": 1.0
    },
    "family_delta_success_rate": {
      "ABD": 0.13793103448275865,
      "ANA": 0.13793103448275865,
      "CAU": 0.13793103448275865,
      "CTF": 0.13793103448275865,
      "DED": 0.13793103448275865,
      "HEUR": 0.1724137931034483,
      "PROB": 0.13793103448275865
    },
    "family_delta_spatial_information_usage": {
      "ABD": 0.10344827586206896,
      "ANA": 0.10344827586206896,
      "CAU": 0.10344827586206896,
      "CTF": 0.10344827586206896,
      "DED": 0.10344827586206896,
      "HEUR": 0.12931034482758622,
      "PROB": 0.10344827586206896
    }
  }
}