{
  "scenario": "aeon_graded_deep_v1_prompt1__sensitivity_10__vram_favorable__core_plus_heur__block_05",
  "reasoning_mode": "fixed",
  "family_profile": "core_plus_heur",
  "regime_label": "vram_favorable",
  "total_episodes": 8,
  "successful": 8,
  "failed": 0,
  "errors": 0,
  "success_rate": 1.0,
  "avg_metrics": {
    "intervention_precision": -0.0020000000000000573,
    "proposition_diversity": 2.0,
    "spatial_information_usage": 0.75,
    "wall_time_ms": 600.8543664997887,
    "artifact_size_bytes": 136985.0,
    "reasoning_trace_length": 7.0,
    "ivc_r": 0.04523156961618498,
    "family_mix_entropy": 2.807354922057604,
    "viability_margin": 0.9419
  },
  "failure_distribution": {
    "total_episodes": 8,
    "total_failures": 0,
    "failure_rate": 0.0,
    "failure_distribution": {},
    "secondary_causes": {
      "tight_threshold": 8
    }
  },
  "optional_family_usage_rate": 1.0,
  "backbone_floor_satisfied_rate": 1.0,
  "sequence_validation_fail_rate": 0.0,
  "fallback_to_safe_sequence_rate": 0.0,
  "optional_displacement_rate": 0.0,
  "closure_break_rate": 0.0,
  "family_specific_activation_counts": {
    "ABD": 8,
    "ANA": 8,
    "CAU": 8,
    "CTF": 8,
    "DED": 8,
    "HEUR": 8,
    "PROB": 8
  },
  "family_impact_aggregates": {
    "family_contribution_proxy": {
      "ABD": 0.1740085981204762,
      "ANA": 0.08865051287669931,
      "CAU": 0.07549179961842784,
      "CTF": 0.1472090092559343,
      "DED": 0.1792930240937661,
      "HEUR": 0.20329375782929376,
      "PROB": 0.13205329820540254
    },
    "family_delta_ivc_r": {
      "ABD": 0.007870628911093991,
      "ANA": 0.004010349294867903,
      "CAU": 0.0034145895492815577,
      "CTF": 0.006658449621099038,
      "DED": 0.008109650179543699,
      "HEUR": 0.009195054179743964,
      "PROB": 0.0059728478805548295
    },
    "family_delta_intervention_precision": {
      "ABD": -0.00034801719624096234,
      "ANA": -0.00017730102575340368,
      "CAU": -0.00015098359923686002,
      "CTF": -0.000294418018511877,
      "DED": -0.00035858604818754243,
      "HEUR": -0.00040658751565859913,
      "PROB": -0.0002641065964108126
    },
    "family_delta_viability_margin": {
      "ABD": 0.1639012843684787,
      "ANA": 0.08347326334057523,
      "CAU": 0.07110684788220333,
      "CTF": 0.1386583533702965,
      "DED": 0.1688787637202329,
      "HEUR": 0.19149415276229137,
      "PROB": 0.12438733455592202
    },
    "family_delta_reasoning_trace_length": {
      "ABD": 1.0,
      "ANA": 1.0,
      "CAU": 1.0,
      "CTF": 1.0,
      "DED": 1.0,
      "HEUR": 1.0,
      "PROB": 1.0
    },
    "family_delta_success_rate": {
      "ABD": 0.1740085981204762,
      "ANA": 0.08865051287669931,
      "CAU": 0.07549179961842784,
      "CTF": 0.1472090092559343,
      "DED": 0.1792930240937661,
      "HEUR": 0.20329375782929376,
      "PROB": 0.13205329820540254
    },
    "family_delta_spatial_information_usage": {
      "ABD": 0.13050644859035718,
      "ANA": 0.06648788465752449,
      "CAU": 0.056618849713820876,
      "CTF": 0.11040675694195073,
      "DED": 0.13446976807032457,
      "HEUR": 0.15247031837197028,
      "PROB": 0.09903997365405189
    }
  }
}