{
  "run_id": "msrc-core-plus-heur-viability-edge-probe-before-switch",
  "policy_name": "probe_before_switch",
  "level": "viability_edge",
  "topology": "hotspot_center",
  "total_episodes": 1,
  "successful": 0,
  "failed": 1,
  "errors": 0,
  "success_rate": 0.0,
  "avg_metrics": {
    "intervention_precision": 0.0,
    "proposition_diversity": 2.584962500721156,
    "spatial_information_usage": 0.3333333333333333,
    "wall_time_ms": 171.51943500016387,
    "artifact_size_bytes": 11198.0,
    "reasoning_trace_length": 6.0,
    "ivc_r": 0.0004125121665106999,
    "viability_margin": 0.8948,
    "family_mix_entropy": 2.584962500721156
  },
  "failure_distribution": {
    "certification_failed": 1
  },
  "collapse_count": 0,
  "optional_family_usage_rate": 1.0,
  "family_specific_activation_counts": {
    "ABD": 1,
    "ANA": 1,
    "CAU": 1,
    "CTF": 1,
    "DED": 0,
    "HEUR": 1,
    "PROB": 1
  },
  "family_impact_aggregates": {
    "family_contribution_proxy": {
      "ABD": 0.15833333333333335,
      "ANA": 0.15833333333333335,
      "CAU": 0.15833333333333335,
      "CTF": 0.15833333333333335,
      "HEUR": 0.20833333333333334,
      "PROB": 0.15833333333333335
    },
    "family_delta_ivc_r": {
      "ABD": 6.531442636419416e-05,
      "ANA": 6.531442636419416e-05,
      "CAU": 6.531442636419416e-05,
      "CTF": 6.531442636419416e-05,
      "HEUR": 8.594003468972915e-05,
      "PROB": 6.531442636419416e-05
    },
    "family_delta_intervention_precision": {
      "ABD": 0.0,
      "ANA": 0.0,
      "CAU": 0.0,
      "CTF": 0.0,
      "HEUR": 0.0,
      "PROB": 0.0
    },
    "family_delta_viability_margin": {
      "ABD": 0.1416766666666667,
      "ANA": 0.1416766666666667,
      "CAU": 0.1416766666666667,
      "CTF": 0.1416766666666667,
      "HEUR": 0.18641666666666667,
      "PROB": 0.1416766666666667
    },
    "family_delta_reasoning_trace_length": {
      "ABD": 1.0,
      "ANA": 1.0,
      "CAU": 1.0,
      "CTF": 1.0,
      "HEUR": 1.0,
      "PROB": 1.0
    },
    "family_delta_success_rate": {
      "ABD": 0.0,
      "ANA": 0.0,
      "CAU": 0.0,
      "CTF": 0.0,
      "HEUR": 0.0,
      "PROB": 0.0
    },
    "family_delta_spatial_information_usage": {
      "ABD": 0.052777777777777785,
      "ANA": 0.052777777777777785,
      "CAU": 0.052777777777777785,
      "CTF": 0.052777777777777785,
      "HEUR": 0.06944444444444445,
      "PROB": 0.052777777777777785
    }
  },
  "proxy_mapping": {
    "closure_rate": "success_rate",
    "continuity_mean": "viability_margin"
  },
  "msrc_metrics": {
    "scale_selection_accuracy": 1.0,
    "upgrade_regret": 0,
    "downgrade_regret": 0,
    "missed_upgrade_regret": 1,
    "keep_scale_rate": 1.0,
    "upgrade_rate": 0.0,
    "downgrade_rate": 0.0,
    "probe_rate": 0.0,
    "probe_commit_rate": 0.0,
    "oscillation_rate": 0.0,
    "probe_value_rate": 0.0,
    "mean_resolution_cost": 1.0,
    "resolution_efficiency": 0.0004125121665106999,
    "cross_scale_memory_contamination_rate": 0.1111111111111111,
    "vram_headroom_mean": 0.996704,
    "vram_peak_ratio": 0.003296,
    "vram_recompute_avoided": 0,
    "vram_enabled_probe_success_rate": 0.0,
    "vram_efficiency_after_intelligence": 0.12515539032484826,
    "selected_scale_distribution": {
      "1x1": 1
    },
    "regime_distribution": {},
    "regime_probe_rate": {}
  },
  "generated_at": "2026-04-21T17:39:17.366993+00:00"
}