{
  "scenario": "diag_viability_edge_adaptive_family_ecology_v2",
  "reasoning_mode": "adaptive",
  "family_profile": "adaptive_family_ecology_v2",
  "regime_label": "viability_edge",
  "total_episodes": 1,
  "successful": 1,
  "failed": 0,
  "errors": 0,
  "success_rate": 1.0,
  "avg_metrics": {
    "intervention_precision": 0.0404210526315786,
    "proposition_diversity": 2.584962500721156,
    "spatial_information_usage": 0.8333333333333334,
    "wall_time_ms": 704.2316189999838,
    "artifact_size_bytes": 58409.0,
    "reasoning_trace_length": 8.0,
    "ivc_r": 0.3770394303705001,
    "family_mix_entropy": 3.0,
    "viability_margin": 0.9028
  },
  "failure_distribution": {
    "total_episodes": 1,
    "total_failures": 0,
    "failure_rate": 0.0,
    "failure_distribution": {},
    "secondary_causes": {
      "weak_cooling": 1,
      "spatial_complexity": 1
    }
  },
  "optional_family_usage_rate": 1.0,
  "backbone_floor_satisfied_rate": 1.0,
  "sequence_validation_fail_rate": 0.0,
  "fallback_to_safe_sequence_rate": 0.0,
  "optional_displacement_rate": 0.0,
  "closure_break_rate": 0.0,
  "family_specific_activation_counts": {
    "ABD": 1,
    "ANA": 1,
    "CAU": 1,
    "CTF": 1,
    "DED": 1,
    "DIA_ADV": 1,
    "EML_SR": 0,
    "FAL_GUARD": 1,
    "HEUR": 0,
    "IND": 0,
    "PROB": 1
  },
  "family_impact_aggregates": {
    "family_contribution_proxy": {
      "ABD": 0.13007399211672777,
      "ANA": 0.13007399211672777,
      "CAU": 0.13007399211672777,
      "CTF": 0.13007399211672777,
      "DED": 0.13007399211672777,
      "DIA_ADV": 0.0902427218034714,
      "FAL_GUARD": 0.1293133254961621,
      "PROB": 0.13007399211672777
    },
    "family_delta_ivc_r": {
      "ABD": 0.04904302389370795,
      "ANA": 0.04904302389370795,
      "CAU": 0.04904302389370795,
      "CTF": 0.04904302389370795,
      "DED": 0.04904302389370795,
      "DIA_ADV": 0.03402506442386436,
      "FAL_GUARD": 0.04875622258438802,
      "PROB": 0.04904302389370795
    },
    "family_delta_intervention_precision": {
      "ABD": 0.005257727681349793,
      "ANA": 0.005257727681349793,
      "CAU": 0.005257727681349793,
      "CTF": 0.005257727681349793,
      "DED": 0.005257727681349793,
      "DIA_ADV": 0.0036477058076350233,
      "FAL_GUARD": 0.005226980735844823,
      "PROB": 0.005257727681349793
    },
    "family_delta_viability_margin": {
      "ABD": 0.11743080008298183,
      "ANA": 0.11743080008298183,
      "CAU": 0.11743080008298183,
      "CTF": 0.11743080008298183,
      "DED": 0.11743080008298183,
      "DIA_ADV": 0.08147112924417398,
      "FAL_GUARD": 0.11674407025793514,
      "PROB": 0.11743080008298183
    },
    "family_delta_reasoning_trace_length": {
      "ABD": 1.0,
      "ANA": 1.0,
      "CAU": 1.0,
      "CTF": 1.0,
      "DED": 1.0,
      "DIA_ADV": 1.0,
      "FAL_GUARD": 1.0,
      "PROB": 1.0
    },
    "family_delta_success_rate": {
      "ABD": 0.13007399211672777,
      "ANA": 0.13007399211672777,
      "CAU": 0.13007399211672777,
      "CTF": 0.13007399211672777,
      "DED": 0.13007399211672777,
      "DIA_ADV": 0.0902427218034714,
      "FAL_GUARD": 0.1293133254961621,
      "PROB": 0.13007399211672777
    },
    "family_delta_spatial_information_usage": {
      "ABD": 0.10839499343060648,
      "ANA": 0.10839499343060648,
      "CAU": 0.10839499343060648,
      "CTF": 0.10839499343060648,
      "DED": 0.10839499343060648,
      "DIA_ADV": 0.07520226816955951,
      "FAL_GUARD": 0.10776110458013508,
      "PROB": 0.10839499343060648
    }
  }
}