{
  "scenario": "homogeneous_safe__core_plus_dialectic",
  "reasoning_mode": "fixed",
  "family_profile": "core_plus_dialectic",
  "regime_label": "homogeneous_safe",
  "total_episodes": 1,
  "successful": 1,
  "failed": 0,
  "errors": 0,
  "success_rate": 1.0,
  "avg_metrics": {
    "intervention_precision": -0.06451612903225812,
    "proposition_diversity": 2.321928094887362,
    "spatial_information_usage": 0.8,
    "wall_time_ms": 535.1218929999959,
    "artifact_size_bytes": 436784.0,
    "reasoning_trace_length": 7.0,
    "ivc_r": 0.046438105367135475,
    "family_mix_entropy": 2.807354922057604,
    "viability_margin": 0.9414
  },
  "failure_distribution": {
    "total_episodes": 1,
    "total_failures": 0,
    "failure_rate": 0.0,
    "failure_distribution": {},
    "secondary_causes": {}
  },
  "optional_family_usage_rate": 1.0,
  "backbone_floor_satisfied_rate": 1.0,
  "sequence_validation_fail_rate": 0.0,
  "fallback_to_safe_sequence_rate": 0.0,
  "optional_displacement_rate": 0.0,
  "closure_break_rate": 0.0,
  "family_specific_activation_counts": {
    "ABD": 1,
    "ANA": 1,
    "CAU": 1,
    "CTF": 1,
    "DED": 1,
    "DIA_ADV": 1,
    "PROB": 1
  },
  "family_impact_aggregates": {
    "family_contribution_proxy": {
      "ABD": 0.15017064846416386,
      "ANA": 0.15017064846416386,
      "CAU": 0.15017064846416386,
      "CTF": 0.15017064846416386,
      "DED": 0.15017064846416386,
      "DIA_ADV": 0.09897610921501708,
      "PROB": 0.15017064846416386
    },
    "family_delta_ivc_r": {
      "ABD": 0.0069736403964299025,
      "ANA": 0.0069736403964299025,
      "CAU": 0.0069736403964299025,
      "CTF": 0.0069736403964299025,
      "DED": 0.0069736403964299025,
      "DIA_ADV": 0.0045962629885560715,
      "PROB": 0.0069736403964299025
    },
    "family_delta_intervention_precision": {
      "ABD": -0.00968842893317187,
      "ANA": -0.00968842893317187,
      "CAU": -0.00968842893317187,
      "CTF": -0.00968842893317187,
      "DED": -0.00968842893317187,
      "DIA_ADV": -0.006385555433226914,
      "PROB": -0.00968842893317187
    },
    "family_delta_viability_margin": {
      "ABD": 0.14137064846416386,
      "ANA": 0.14137064846416386,
      "CAU": 0.14137064846416386,
      "CTF": 0.14137064846416386,
      "DED": 0.14137064846416386,
      "DIA_ADV": 0.09317610921501708,
      "PROB": 0.14137064846416386
    },
    "family_delta_reasoning_trace_length": {
      "ABD": 1.0,
      "ANA": 1.0,
      "CAU": 1.0,
      "CTF": 1.0,
      "DED": 1.0,
      "DIA_ADV": 1.0,
      "PROB": 1.0
    },
    "family_delta_success_rate": {
      "ABD": 0.15017064846416386,
      "ANA": 0.15017064846416386,
      "CAU": 0.15017064846416386,
      "CTF": 0.15017064846416386,
      "DED": 0.15017064846416386,
      "DIA_ADV": 0.09897610921501708,
      "PROB": 0.15017064846416386
    },
    "family_delta_spatial_information_usage": {
      "ABD": 0.1201365187713311,
      "ANA": 0.1201365187713311,
      "CAU": 0.1201365187713311,
      "CTF": 0.1201365187713311,
      "DED": 0.1201365187713311,
      "DIA_ADV": 0.07918088737201368,
      "PROB": 0.1201365187713311
    }
  }
}