{
  "scenario": "heterogeneous_elevated__core_plus_dialectic",
  "reasoning_mode": "fixed",
  "family_profile": "core_plus_dialectic",
  "regime_label": "heterogeneous_elevated",
  "total_episodes": 1,
  "successful": 0,
  "failed": 1,
  "errors": 0,
  "success_rate": 0.0,
  "avg_metrics": {
    "intervention_precision": 0.0,
    "proposition_diversity": 0.0,
    "spatial_information_usage": 0.0,
    "wall_time_ms": 0.0,
    "artifact_size_bytes": 0.0,
    "reasoning_trace_length": 0.0,
    "ivc_r": 0.0,
    "family_mix_entropy": 0.0,
    "viability_margin": 0.0
  },
  "failure_distribution": {
    "total_episodes": 1,
    "total_failures": 1,
    "failure_rate": 1.0,
    "failure_distribution": {
      "certification_failed": 1
    },
    "secondary_causes": {
      "spatial_complexity": 1
    }
  },
  "optional_family_usage_rate": 1.0,
  "family_specific_activation_counts": {
    "ABD": 1,
    "ANA": 1,
    "CAU": 1,
    "CTF": 1,
    "DED": 0,
    "DIA_ADV": 1,
    "PROB": 1
  },
  "family_impact_aggregates": {
    "family_contribution_proxy": {
      "ABD": 0.17670682730923698,
      "ANA": 0.17670682730923698,
      "CAU": 0.17670682730923698,
      "CTF": 0.17670682730923698,
      "DIA_ADV": 0.11646586345381527,
      "PROB": 0.17670682730923698
    },
    "family_delta_ivc_r": {
      "ABD": 0.0007247546821320386,
      "ANA": 0.0007247546821320386,
      "CAU": 0.0007247546821320386,
      "CTF": 0.0007247546821320386,
      "DIA_ADV": 0.00047767922231429805,
      "PROB": 0.0007247546821320386
    },
    "family_delta_intervention_precision": {
      "ABD": 0.015495829471733096,
      "ANA": 0.015495829471733096,
      "CAU": 0.015495829471733096,
      "CTF": 0.015495829471733096,
      "DIA_ADV": 0.010213160333642267,
      "PROB": 0.015495829471733096
    },
    "family_delta_viability_margin": {
      "ABD": 0.16522088353413658,
      "ANA": 0.16522088353413658,
      "CAU": 0.16522088353413658,
      "CTF": 0.16522088353413658,
      "DIA_ADV": 0.10889558232931729,
      "PROB": 0.16522088353413658
    },
    "family_delta_reasoning_trace_length": {
      "ABD": 1.0,
      "ANA": 1.0,
      "CAU": 1.0,
      "CTF": 1.0,
      "DIA_ADV": 1.0,
      "PROB": 1.0
    },
    "family_delta_success_rate": {
      "ABD": 0.0,
      "ANA": 0.0,
      "CAU": 0.0,
      "CTF": 0.0,
      "DIA_ADV": 0.0,
      "PROB": 0.0
    },
    "family_delta_spatial_information_usage": {
      "ABD": 0.15461847389558236,
      "ANA": 0.15461847389558236,
      "CAU": 0.15461847389558236,
      "CTF": 0.15461847389558236,
      "DIA_ADV": 0.10190763052208836,
      "PROB": 0.15461847389558236
    }
  }
}