{
  "scenario": "vram_favorable__core_plus_heur",
  "reasoning_mode": "fixed",
  "family_profile": "core_plus_heur",
  "regime_label": "vram_favorable",
  "total_episodes": 1,
  "successful": 1,
  "failed": 0,
  "errors": 0,
  "success_rate": 1.0,
  "avg_metrics": {
    "intervention_precision": -0.002000000000000195,
    "proposition_diversity": 2.0,
    "spatial_information_usage": 0.75,
    "wall_time_ms": 685.803622000094,
    "artifact_size_bytes": 972574.0,
    "reasoning_trace_length": 7.0,
    "ivc_r": 0.044629078839970325,
    "family_mix_entropy": 2.807354922057604,
    "viability_margin": 0.9414
  },
  "failure_distribution": {
    "total_episodes": 1,
    "total_failures": 0,
    "failure_rate": 0.0,
    "failure_distribution": {},
    "secondary_causes": {
      "tight_threshold": 1
    }
  },
  "optional_family_usage_rate": 1.0,
  "backbone_floor_satisfied_rate": 1.0,
  "sequence_validation_fail_rate": 0.0,
  "fallback_to_safe_sequence_rate": 0.0,
  "optional_displacement_rate": 0.0,
  "closure_break_rate": 0.0,
  "family_specific_activation_counts": {
    "ABD": 1,
    "ANA": 1,
    "CAU": 1,
    "CTF": 1,
    "DED": 1,
    "HEUR": 1,
    "PROB": 1
  },
  "family_impact_aggregates": {
    "family_contribution_proxy": {
      "ABD": 0.13793103448275862,
      "ANA": 0.13793103448275862,
      "CAU": 0.13793103448275862,
      "CTF": 0.13793103448275862,
      "DED": 0.13793103448275862,
      "HEUR": 0.1724137931034483,
      "PROB": 0.13793103448275862
    },
    "family_delta_ivc_r": {
      "ABD": 0.0061557350124097,
      "ANA": 0.0061557350124097,
      "CAU": 0.0061557350124097,
      "CTF": 0.0061557350124097,
      "DED": 0.0061557350124097,
      "HEUR": 0.007694668765512126,
      "PROB": 0.0061557350124097
    },
    "family_delta_intervention_precision": {
      "ABD": -0.00027586206896554414,
      "ANA": -0.00027586206896554414,
      "CAU": -0.00027586206896554414,
      "CTF": -0.00027586206896554414,
      "DED": -0.00027586206896554414,
      "HEUR": -0.00034482758620693024,
      "PROB": -0.00027586206896554414
    },
    "family_delta_viability_margin": {
      "ABD": 0.12984827586206896,
      "ANA": 0.12984827586206896,
      "CAU": 0.12984827586206896,
      "CTF": 0.12984827586206896,
      "DED": 0.12984827586206896,
      "HEUR": 0.16231034482758622,
      "PROB": 0.12984827586206896
    },
    "family_delta_reasoning_trace_length": {
      "ABD": 1.0,
      "ANA": 1.0,
      "CAU": 1.0,
      "CTF": 1.0,
      "DED": 1.0,
      "HEUR": 1.0,
      "PROB": 1.0
    },
    "family_delta_success_rate": {
      "ABD": 0.13793103448275862,
      "ANA": 0.13793103448275862,
      "CAU": 0.13793103448275862,
      "CTF": 0.13793103448275862,
      "DED": 0.13793103448275862,
      "HEUR": 0.1724137931034483,
      "PROB": 0.13793103448275862
    },
    "family_delta_spatial_information_usage": {
      "ABD": 0.10344827586206896,
      "ANA": 0.10344827586206896,
      "CAU": 0.10344827586206896,
      "CTF": 0.10344827586206896,
      "DED": 0.10344827586206896,
      "HEUR": 0.12931034482758622,
      "PROB": 0.10344827586206896
    }
  }
}