{
  "run_id": "msrc-core-plus-guard-vram-favorable-adaptive-msrc",
  "policy_name": "adaptive_msrc",
  "level": "vram_favorable",
  "topology": "uniform",
  "total_episodes": 1,
  "successful": 0,
  "failed": 1,
  "errors": 0,
  "success_rate": 0.0,
  "avg_metrics": {
    "intervention_precision": -0.050000000000000044,
    "proposition_diversity": 2.321928094887362,
    "spatial_information_usage": 0.2,
    "wall_time_ms": 157.03943299990897,
    "artifact_size_bytes": 11368.0,
    "reasoning_trace_length": 6.0,
    "ivc_r": 0.00041620605178345656,
    "viability_margin": 0.9344,
    "family_mix_entropy": 2.584962500721156
  },
  "failure_distribution": {
    "certification_failed": 1
  },
  "collapse_count": 0,
  "optional_family_usage_rate": 1.0,
  "family_specific_activation_counts": {
    "ABD": 1,
    "ANA": 1,
    "CAU": 1,
    "CTF": 1,
    "DED": 0,
    "FAL_GUARD": 1,
    "PROB": 1
  },
  "family_impact_aggregates": {
    "family_contribution_proxy": {
      "ABD": 0.16822429906542058,
      "ANA": 0.16822429906542058,
      "CAU": 0.16822429906542058,
      "CTF": 0.16822429906542058,
      "FAL_GUARD": 0.1588785046728972,
      "PROB": 0.16822429906542058
    },
    "family_delta_ivc_r": {
      "ABD": 7.001597132805812e-05,
      "ANA": 7.001597132805812e-05,
      "CAU": 7.001597132805812e-05,
      "CTF": 7.001597132805812e-05,
      "FAL_GUARD": 6.612619514316599e-05,
      "PROB": 7.001597132805812e-05
    },
    "family_delta_intervention_precision": {
      "ABD": -0.008411214953271037,
      "ANA": -0.008411214953271037,
      "CAU": -0.008411214953271037,
      "CTF": -0.008411214953271037,
      "FAL_GUARD": -0.007943925233644867,
      "PROB": -0.008411214953271037
    },
    "family_delta_viability_margin": {
      "ABD": 0.15718878504672898,
      "ANA": 0.15718878504672898,
      "CAU": 0.15718878504672898,
      "CTF": 0.15718878504672898,
      "FAL_GUARD": 0.14845607476635514,
      "PROB": 0.15718878504672898
    },
    "family_delta_reasoning_trace_length": {
      "ABD": 1.0,
      "ANA": 1.0,
      "CAU": 1.0,
      "CTF": 1.0,
      "FAL_GUARD": 1.0,
      "PROB": 1.0
    },
    "family_delta_success_rate": {
      "ABD": 0.0,
      "ANA": 0.0,
      "CAU": 0.0,
      "CTF": 0.0,
      "FAL_GUARD": 0.0,
      "PROB": 0.0
    },
    "family_delta_spatial_information_usage": {
      "ABD": 0.03364485981308412,
      "ANA": 0.03364485981308412,
      "CAU": 0.03364485981308412,
      "CTF": 0.03364485981308412,
      "FAL_GUARD": 0.03177570093457944,
      "PROB": 0.03364485981308412
    }
  },
  "proxy_mapping": {
    "closure_rate": "success_rate",
    "continuity_mean": "viability_margin"
  },
  "msrc_metrics": {
    "scale_selection_accuracy": 1.0,
    "upgrade_regret": 0,
    "downgrade_regret": 0,
    "missed_upgrade_regret": 1,
    "keep_scale_rate": 1.0,
    "upgrade_rate": 0.0,
    "downgrade_rate": 0.0,
    "probe_rate": 0.0,
    "probe_commit_rate": 0.0,
    "oscillation_rate": 0.0,
    "probe_value_rate": 0.0,
    "mean_resolution_cost": 1.0,
    "resolution_efficiency": 0.00041620605178345656,
    "cross_scale_memory_contamination_rate": 0.1111111111111111,
    "vram_headroom_mean": 0.996704,
    "vram_peak_ratio": 0.003296,
    "vram_recompute_avoided": 0,
    "vram_enabled_probe_success_rate": 0.0,
    "vram_efficiency_after_intelligence": 0.12627610794400987,
    "selected_scale_distribution": {
      "1x1": 1
    },
    "regime_distribution": {},
    "regime_probe_rate": {}
  },
  "generated_at": "2026-04-21T17:39:27.987288+00:00"
}