{
  "scenario": "viability_edge__core_plus_guard",
  "reasoning_mode": "fixed",
  "family_profile": "core_plus_guard",
  "regime_label": "viability_edge",
  "total_episodes": 8,
  "successful": 8,
  "failed": 0,
  "errors": 0,
  "success_rate": 1.0,
  "avg_metrics": {
    "intervention_precision": 0.0404210526315786,
    "proposition_diversity": 2.584962500721156,
    "spatial_information_usage": 0.8333333333333333,
    "wall_time_ms": 319.5830529999739,
    "artifact_size_bytes": 474600.0,
    "reasoning_trace_length": 7.0,
    "ivc_r": 0.40794572641204885,
    "family_mix_entropy": 2.8073549220576046,
    "viability_margin": 0.9017
  },
  "failure_distribution": {
    "total_episodes": 8,
    "total_failures": 0,
    "failure_rate": 0.0,
    "failure_distribution": {},
    "secondary_causes": {
      "weak_cooling": 8,
      "spatial_complexity": 8
    }
  },
  "optional_family_usage_rate": 1.0,
  "family_specific_activation_counts": {
    "ABD": 8,
    "ANA": 8,
    "CAU": 8,
    "CTF": 8,
    "DED": 8,
    "FAL_GUARD": 8,
    "PROB": 8
  },
  "family_impact_aggregates": {
    "family_contribution_proxy": {
      "ABD": 0.14297658862876259,
      "ANA": 0.14297658862876259,
      "CAU": 0.14297658862876259,
      "CTF": 0.14297658862876259,
      "DED": 0.14297658862876259,
      "FAL_GUARD": 0.14214046822742477,
      "PROB": 0.14297658862876259
    },
    "family_delta_ivc_r": {
      "ABD": 0.058326688308077225,
      "ANA": 0.058326688308077225,
      "CAU": 0.058326688308077225,
      "CTF": 0.058326688308077225,
      "DED": 0.058326688308077225,
      "FAL_GUARD": 0.05798559656358556,
      "PROB": 0.058326688308077225
    },
    "family_delta_intervention_precision": {
      "ABD": 0.0057792642140467735,
      "ANA": 0.0057792642140467735,
      "CAU": 0.0057792642140467735,
      "CTF": 0.0057792642140467735,
      "DED": 0.0057792642140467735,
      "FAL_GUARD": 0.005745467347297964,
      "PROB": 0.0057792642140467735
    },
    "family_delta_viability_margin": {
      "ABD": 0.1289219899665552,
      "ANA": 0.1289219899665552,
      "CAU": 0.1289219899665552,
      "CTF": 0.1289219899665552,
      "DED": 0.1289219899665552,
      "FAL_GUARD": 0.12816806020066893,
      "PROB": 0.1289219899665552
    },
    "family_delta_reasoning_trace_length": {
      "ABD": 1.0,
      "ANA": 1.0,
      "CAU": 1.0,
      "CTF": 1.0,
      "DED": 1.0,
      "FAL_GUARD": 1.0,
      "PROB": 1.0
    },
    "family_delta_success_rate": {
      "ABD": 0.14297658862876259,
      "ANA": 0.14297658862876259,
      "CAU": 0.14297658862876259,
      "CTF": 0.14297658862876259,
      "DED": 0.14297658862876259,
      "FAL_GUARD": 0.14214046822742477,
      "PROB": 0.14297658862876259
    },
    "family_delta_spatial_information_usage": {
      "ABD": 0.11914715719063548,
      "ANA": 0.11914715719063548,
      "CAU": 0.11914715719063548,
      "CTF": 0.11914715719063548,
      "DED": 0.11914715719063548,
      "FAL_GUARD": 0.11845039018952064,
      "PROB": 0.11914715719063548
    }
  }
}