{
  "run_id": "msrc-core-plus-dialectic-heterogeneous-warning-adaptive-msrc-regime-v3",
  "policy_name": "adaptive_msrc_regime_v3",
  "level": "heterogeneous_warning",
  "topology": "checkerboard",
  "total_episodes": 1,
  "successful": 0,
  "failed": 1,
  "errors": 0,
  "success_rate": 0.0,
  "avg_metrics": {
    "intervention_precision": -0.0454545454545455,
    "proposition_diversity": 2.321928094887362,
    "spatial_information_usage": 0.2,
    "wall_time_ms": 166.3173970000571,
    "artifact_size_bytes": 11299.0,
    "reasoning_trace_length": 6.0,
    "ivc_r": 0.000409322144506209,
    "viability_margin": 0.8944,
    "family_mix_entropy": 2.584962500721156
  },
  "failure_distribution": {
    "certification_failed": 1
  },
  "collapse_count": 0,
  "optional_family_usage_rate": 1.0,
  "family_specific_activation_counts": {
    "ABD": 1,
    "ANA": 1,
    "CAU": 1,
    "CTF": 1,
    "DED": 0,
    "DIA_ADV": 1,
    "PROB": 1
  },
  "family_impact_aggregates": {
    "family_contribution_proxy": {
      "ABD": 0.17563025210084038,
      "ANA": 0.17563025210084038,
      "CAU": 0.17563025210084038,
      "CTF": 0.17563025210084038,
      "DIA_ADV": 0.12184873949579833,
      "PROB": 0.17563025210084038
    },
    "family_delta_ivc_r": {
      "ABD": 7.18893514300821e-05,
      "ANA": 7.18893514300821e-05,
      "CAU": 7.18893514300821e-05,
      "CTF": 7.18893514300821e-05,
      "DIA_ADV": 4.9875387355798586e-05,
      "PROB": 7.18893514300821e-05
    },
    "family_delta_intervention_precision": {
      "ABD": -0.007983193277310934,
      "ANA": -0.007983193277310934,
      "CAU": -0.007983193277310934,
      "CTF": -0.007983193277310934,
      "DIA_ADV": -0.005538579067990839,
      "PROB": -0.007983193277310934
    },
    "family_delta_viability_margin": {
      "ABD": 0.15708369747899162,
      "ANA": 0.15708369747899162,
      "CAU": 0.15708369747899162,
      "CTF": 0.15708369747899162,
      "DIA_ADV": 0.10898151260504202,
      "PROB": 0.15708369747899162
    },
    "family_delta_reasoning_trace_length": {
      "ABD": 1.0,
      "ANA": 1.0,
      "CAU": 1.0,
      "CTF": 1.0,
      "DIA_ADV": 1.0,
      "PROB": 1.0
    },
    "family_delta_success_rate": {
      "ABD": 0.0,
      "ANA": 0.0,
      "CAU": 0.0,
      "CTF": 0.0,
      "DIA_ADV": 0.0,
      "PROB": 0.0
    },
    "family_delta_spatial_information_usage": {
      "ABD": 0.03512605042016808,
      "ANA": 0.03512605042016808,
      "CAU": 0.03512605042016808,
      "CTF": 0.03512605042016808,
      "DIA_ADV": 0.024369747899159667,
      "PROB": 0.03512605042016808
    }
  },
  "proxy_mapping": {
    "closure_rate": "success_rate",
    "continuity_mean": "viability_margin"
  },
  "msrc_metrics": {
    "scale_selection_accuracy": 1.0,
    "upgrade_regret": 0,
    "downgrade_regret": 0,
    "missed_upgrade_regret": 0,
    "keep_scale_rate": 0.0,
    "upgrade_rate": 1.0,
    "downgrade_rate": 0.0,
    "probe_rate": 0.0,
    "probe_commit_rate": 0.0,
    "oscillation_rate": 0.0,
    "probe_value_rate": 0.0,
    "mean_resolution_cost": 1.0,
    "resolution_efficiency": 0.000409322144506209,
    "cross_scale_memory_contamination_rate": 0.1111111111111111,
    "vram_headroom_mean": 0.996704,
    "vram_peak_ratio": 0.003296,
    "vram_recompute_avoided": 1,
    "vram_enabled_probe_success_rate": 0.0,
    "vram_efficiency_after_intelligence": 0.12418754384290323,
    "selected_scale_distribution": {
      "1x1": 1
    },
    "regime_distribution": {
      "heterogeneous": 1
    },
    "regime_probe_rate": {
      "heterogeneous": 0.0
    }
  },
  "generated_at": "2026-04-21T17:39:21.257091+00:00"
}