{
  "scenario": "aeon_graded_deep_v1_prompt1__sensitivity_10__homogeneous_safe__adaptive_family_ecology_v2__block_02",
  "reasoning_mode": "adaptive",
  "family_profile": "adaptive_family_ecology_v2",
  "regime_label": "homogeneous_safe",
  "total_episodes": 8,
  "successful": 8,
  "failed": 0,
  "errors": 0,
  "success_rate": 1.0,
  "avg_metrics": {
    "intervention_precision": -0.06451612903225812,
    "proposition_diversity": 2.321928094887362,
    "spatial_information_usage": 0.8,
    "wall_time_ms": 641.8220042505709,
    "artifact_size_bytes": 81580.0,
    "reasoning_trace_length": 6.125,
    "ivc_r": 0.04565499881415164,
    "family_mix_entropy": 2.612761553388212,
    "viability_margin": 0.9419
  },
  "failure_distribution": {
    "total_episodes": 8,
    "total_failures": 0,
    "failure_rate": 0.0,
    "failure_distribution": {},
    "secondary_causes": {}
  },
  "optional_family_usage_rate": 0.125,
  "backbone_floor_satisfied_rate": 1.0,
  "sequence_validation_fail_rate": 0.0,
  "fallback_to_safe_sequence_rate": 0.0,
  "optional_displacement_rate": 0.0,
  "closure_break_rate": 0.0,
  "family_specific_activation_counts": {
    "ABD": 8,
    "ANA": 8,
    "CAU": 8,
    "CTF": 8,
    "DED": 8,
    "DIA_ADV": 0,
    "EML_SR": 0,
    "FAL_GUARD": 1,
    "HEUR": 0,
    "IND": 0,
    "PROB": 8
  },
  "family_impact_aggregates": {
    "family_contribution_proxy": {
      "ABD": 0.21652744513349087,
      "ANA": 0.10996022740987475,
      "CAU": 0.09393815407092879,
      "CTF": 0.18317940043831113,
      "DED": 0.22310311591845589,
      "FAL_GUARD": 0.008916258500166436,
      "PROB": 0.1643753985287721
    },
    "family_delta_ivc_r": {
      "ABD": 0.009884258157990645,
      "ANA": 0.005021627245707849,
      "CAU": 0.004288181413444965,
      "CTF": 0.00836195375621768,
      "DED": 0.010184430856931789,
      "FAL_GUARD": 0.00041129824079638114,
      "PROB": 0.007503249143062327
    },
    "family_delta_intervention_precision": {
      "ABD": -0.013969512589257488,
      "ANA": -0.007094208219991926,
      "CAU": -0.006060526069092185,
      "CTF": -0.011818025834729759,
      "DED": -0.014393749414093934,
      "FAL_GUARD": -0.000575242483881706,
      "PROB": -0.01060486442121111
    },
    "family_delta_viability_margin": {
      "ABD": 0.20396780251092272,
      "ANA": 0.10354949484339761,
      "CAU": 0.08848928525419639,
      "CTF": 0.17255410624568301,
      "DED": 0.21016205247871642,
      "FAL_GUARD": 0.008331351942555517,
      "PROB": 0.15484590672452836
    },
    "family_delta_reasoning_trace_length": {
      "ABD": 1.0,
      "ANA": 1.0,
      "CAU": 1.0,
      "CTF": 1.0,
      "DED": 1.0,
      "FAL_GUARD": 0.125,
      "PROB": 1.0
    },
    "family_delta_success_rate": {
      "ABD": 0.21652744513349087,
      "ANA": 0.10996022740987475,
      "CAU": 0.09393815407092879,
      "CTF": 0.18317940043831113,
      "DED": 0.22310311591845589,
      "FAL_GUARD": 0.008916258500166436,
      "PROB": 0.1643753985287721
    },
    "family_delta_spatial_information_usage": {
      "ABD": 0.1732219561067927,
      "ANA": 0.08796818192789985,
      "CAU": 0.07515052325674304,
      "CTF": 0.1465435203506489,
      "DED": 0.1784824927347647,
      "FAL_GUARD": 0.007133006800133149,
      "PROB": 0.1315003188230177
    }
  }
}