{
  "scenario": "aeon_graded_deep_v1_prompt1__sensitivity_10__heterogeneous_warning__core_plus_heur__block_05",
  "reasoning_mode": "fixed",
  "family_profile": "core_plus_heur",
  "regime_label": "heterogeneous_warning",
  "total_episodes": 8,
  "successful": 8,
  "failed": 0,
  "errors": 0,
  "success_rate": 1.0,
  "avg_metrics": {
    "intervention_precision": 0.067095588235294,
    "proposition_diversity": 3.169925001442312,
    "spatial_information_usage": 0.8888888888888888,
    "wall_time_ms": 578.7789371247527,
    "artifact_size_bytes": 137896.0,
    "reasoning_trace_length": 7.0,
    "ivc_r": 0.4342719594806777,
    "family_mix_entropy": 2.807354922057604,
    "viability_margin": 0.9024000000000001
  },
  "failure_distribution": {
    "total_episodes": 8,
    "total_failures": 0,
    "failure_rate": 0.0,
    "failure_distribution": {},
    "secondary_causes": {
      "spatial_complexity": 8
    }
  },
  "optional_family_usage_rate": 1.0,
  "backbone_floor_satisfied_rate": 1.0,
  "sequence_validation_fail_rate": 0.0,
  "fallback_to_safe_sequence_rate": 0.0,
  "optional_displacement_rate": 0.0,
  "closure_break_rate": 0.0,
  "family_specific_activation_counts": {
    "ABD": 8,
    "ANA": 8,
    "CAU": 8,
    "CTF": 8,
    "DED": 8,
    "HEUR": 8,
    "PROB": 8
  },
  "family_impact_aggregates": {
    "family_contribution_proxy": {
      "ABD": 0.15147520064855693,
      "ANA": 0.07246331164316827,
      "CAU": 0.1370915351596805,
      "CTF": 0.15425173182134108,
      "DED": 0.146539145230274,
      "HEUR": 0.2175701516457859,
      "PROB": 0.12060892385119328
    },
    "family_delta_ivc_r": {
      "ABD": 0.06578116830154937,
      "ANA": 0.031471941780824485,
      "CAU": 0.05953477076409226,
      "CTF": 0.0669869330973008,
      "DED": 0.06363758644243575,
      "HEUR": 0.0944832108814764,
      "PROB": 0.05237634821299859
    },
    "family_delta_intervention_precision": {
      "ABD": 0.010163317690574117,
      "ANA": 0.004861968520175803,
      "CAU": 0.009198237193618255,
      "CTF": 0.010349610682865698,
      "DED": 0.009832130148722414,
      "HEUR": 0.014597997307116126,
      "PROB": 0.008092326692221595
    },
    "family_delta_viability_margin": {
      "ABD": 0.13669306243693086,
      "ANA": 0.0653688609901248,
      "CAU": 0.12371306784821504,
      "CTF": 0.13919863791948153,
      "DED": 0.13223870602350746,
      "HEUR": 0.1963451097839453,
      "PROB": 0.10884255499779513
    },
    "family_delta_reasoning_trace_length": {
      "ABD": 1.0,
      "ANA": 1.0,
      "CAU": 1.0,
      "CTF": 1.0,
      "DED": 1.0,
      "HEUR": 1.0,
      "PROB": 1.0
    },
    "family_delta_success_rate": {
      "ABD": 0.15147520064855693,
      "ANA": 0.07246331164316827,
      "CAU": 0.1370915351596805,
      "CTF": 0.15425173182134108,
      "DED": 0.146539145230274,
      "HEUR": 0.2175701516457859,
      "PROB": 0.12060892385119328
    },
    "family_delta_spatial_information_usage": {
      "ABD": 0.13464462279871725,
      "ANA": 0.06441183257170512,
      "CAU": 0.12185914236416043,
      "CTF": 0.13711265050785873,
      "DED": 0.13025701798246578,
      "HEUR": 0.19339569035180965,
      "PROB": 0.10720793231217178
    }
  }
}