{
  "scenario": "heterogeneous_elevated__core_plus_dialectic",
  "reasoning_mode": "fixed",
  "family_profile": "core_plus_dialectic",
  "regime_label": "heterogeneous_elevated",
  "total_episodes": 8,
  "successful": 0,
  "failed": 8,
  "errors": 0,
  "success_rate": 0.0,
  "avg_metrics": {
    "intervention_precision": 0.08769230769230774,
    "proposition_diversity": 3.0,
    "spatial_information_usage": 0.875,
    "wall_time_ms": 219.53302049996637,
    "artifact_size_bytes": 23376.25,
    "reasoning_trace_length": 7.0,
    "ivc_r": 0.00402349410755207,
    "family_mix_entropy": 2.8073549220576046,
    "viability_margin": 0.9350000000000003
  },
  "failure_distribution": {
    "total_episodes": 8,
    "total_failures": 8,
    "failure_rate": 1.0,
    "failure_distribution": {
      "certification_failed": 8
    },
    "secondary_causes": {
      "spatial_complexity": 8
    }
  },
  "optional_family_usage_rate": 1.0,
  "family_specific_activation_counts": {
    "ABD": 8,
    "ANA": 8,
    "CAU": 8,
    "CTF": 8,
    "DED": 8,
    "DIA_ADV": 8,
    "PROB": 8
  },
  "family_impact_aggregates": {
    "family_contribution_proxy": {
      "ABD": 0.15017064846416386,
      "ANA": 0.15017064846416386,
      "CAU": 0.15017064846416386,
      "CTF": 0.15017064846416386,
      "DED": 0.15017064846416386,
      "DIA_ADV": 0.09897610921501708,
      "PROB": 0.15017064846416386
    },
    "family_delta_ivc_r": {
      "ABD": 0.0006042107192228367,
      "ANA": 0.0006042107192228367,
      "CAU": 0.0006042107192228367,
      "CTF": 0.0006042107192228367,
      "DED": 0.0006042107192228367,
      "DIA_ADV": 0.00039822979221505137,
      "PROB": 0.0006042107192228367
    },
    "family_delta_intervention_precision": {
      "ABD": 0.01316881071147284,
      "ANA": 0.01316881071147284,
      "CAU": 0.01316881071147284,
      "CTF": 0.01316881071147284,
      "DED": 0.01316881071147284,
      "DIA_ADV": 0.008679443423470733,
      "PROB": 0.01316881071147284
    },
    "family_delta_viability_margin": {
      "ABD": 0.1404095563139932,
      "ANA": 0.1404095563139932,
      "CAU": 0.1404095563139932,
      "CTF": 0.1404095563139932,
      "DED": 0.1404095563139932,
      "DIA_ADV": 0.092542662116041,
      "PROB": 0.1404095563139932
    },
    "family_delta_reasoning_trace_length": {
      "ABD": 1.0,
      "ANA": 1.0,
      "CAU": 1.0,
      "CTF": 1.0,
      "DED": 1.0,
      "DIA_ADV": 1.0,
      "PROB": 1.0
    },
    "family_delta_success_rate": {
      "ABD": 0.0,
      "ANA": 0.0,
      "CAU": 0.0,
      "CTF": 0.0,
      "DED": 0.0,
      "DIA_ADV": 0.0,
      "PROB": 0.0
    },
    "family_delta_spatial_information_usage": {
      "ABD": 0.13139931740614338,
      "ANA": 0.13139931740614338,
      "CAU": 0.13139931740614338,
      "CTF": 0.13139931740614338,
      "DED": 0.13139931740614338,
      "DIA_ADV": 0.08660409556313996,
      "PROB": 0.13139931740614338
    }
  }
}