{
  "scenario": "vram_favorable__core_plus_guard",
  "reasoning_mode": "fixed",
  "family_profile": "core_plus_guard",
  "regime_label": "vram_favorable",
  "total_episodes": 1,
  "successful": 1,
  "failed": 0,
  "errors": 0,
  "success_rate": 1.0,
  "avg_metrics": {
    "intervention_precision": -0.002000000000000195,
    "proposition_diversity": 2.0,
    "spatial_information_usage": 0.75,
    "wall_time_ms": 372.136290999606,
    "artifact_size_bytes": 788981.0,
    "reasoning_trace_length": 7.0,
    "ivc_r": 0.04744251408894684,
    "family_mix_entropy": 2.807354922057604,
    "viability_margin": 0.9414
  },
  "failure_distribution": {
    "total_episodes": 1,
    "total_failures": 0,
    "failure_rate": 0.0,
    "failure_distribution": {},
    "secondary_causes": {
      "tight_threshold": 1
    }
  },
  "optional_family_usage_rate": 1.0,
  "family_specific_activation_counts": {
    "ABD": 1,
    "ANA": 1,
    "CAU": 1,
    "CTF": 1,
    "DED": 1,
    "FAL_GUARD": 1,
    "PROB": 1
  },
  "family_impact_aggregates": {
    "family_contribution_proxy": {
      "ABD": 0.14400000000000002,
      "ANA": 0.14400000000000002,
      "CAU": 0.14400000000000002,
      "CTF": 0.14400000000000002,
      "DED": 0.14400000000000002,
      "FAL_GUARD": 0.136,
      "PROB": 0.14400000000000002
    },
    "family_delta_ivc_r": {
      "ABD": 0.006831722028808346,
      "ANA": 0.006831722028808346,
      "CAU": 0.006831722028808346,
      "CTF": 0.006831722028808346,
      "DED": 0.006831722028808346,
      "FAL_GUARD": 0.006452181916096771,
      "PROB": 0.006831722028808346
    },
    "family_delta_intervention_precision": {
      "ABD": -0.00028800000000002814,
      "ANA": -0.00028800000000002814,
      "CAU": -0.00028800000000002814,
      "CTF": -0.00028800000000002814,
      "DED": -0.00028800000000002814,
      "FAL_GUARD": -0.00027200000000002656,
      "PROB": -0.00028800000000002814
    },
    "family_delta_viability_margin": {
      "ABD": 0.1355616,
      "ANA": 0.1355616,
      "CAU": 0.1355616,
      "CTF": 0.1355616,
      "DED": 0.1355616,
      "FAL_GUARD": 0.12803040000000002,
      "PROB": 0.1355616
    },
    "family_delta_reasoning_trace_length": {
      "ABD": 1.0,
      "ANA": 1.0,
      "CAU": 1.0,
      "CTF": 1.0,
      "DED": 1.0,
      "FAL_GUARD": 1.0,
      "PROB": 1.0
    },
    "family_delta_success_rate": {
      "ABD": 0.14400000000000002,
      "ANA": 0.14400000000000002,
      "CAU": 0.14400000000000002,
      "CTF": 0.14400000000000002,
      "DED": 0.14400000000000002,
      "FAL_GUARD": 0.136,
      "PROB": 0.14400000000000002
    },
    "family_delta_spatial_information_usage": {
      "ABD": 0.10800000000000001,
      "ANA": 0.10800000000000001,
      "CAU": 0.10800000000000001,
      "CTF": 0.10800000000000001,
      "DED": 0.10800000000000001,
      "FAL_GUARD": 0.10200000000000001,
      "PROB": 0.10800000000000001
    }
  }
}