{
  "run_id": "msrc-core-plus-guard-vram-favorable-adaptive-msrc-regime-v3",
  "policy_name": "adaptive_msrc_regime_v3",
  "level": "vram_favorable",
  "topology": "uniform",
  "total_episodes": 1,
  "successful": 1,
  "failed": 0,
  "errors": 0,
  "success_rate": 1.0,
  "avg_metrics": {
    "intervention_precision": -0.050000000000000044,
    "proposition_diversity": 2.321928094887362,
    "spatial_information_usage": 0.2,
    "wall_time_ms": 184.36754100002872,
    "artifact_size_bytes": 12035.0,
    "reasoning_trace_length": 7.0,
    "ivc_r": 0.05156333161818217,
    "viability_margin": 0.9344,
    "family_mix_entropy": 2.807354922057604
  },
  "failure_distribution": {},
  "collapse_count": 0,
  "optional_family_usage_rate": 1.0,
  "family_specific_activation_counts": {
    "ABD": 1,
    "ANA": 1,
    "CAU": 1,
    "CTF": 1,
    "DED": 1,
    "FAL_GUARD": 1,
    "PROB": 1
  },
  "family_impact_aggregates": {
    "family_contribution_proxy": {
      "ABD": 0.14400000000000002,
      "ANA": 0.14400000000000002,
      "CAU": 0.14400000000000002,
      "CTF": 0.14400000000000002,
      "DED": 0.14400000000000002,
      "FAL_GUARD": 0.136,
      "PROB": 0.14400000000000002
    },
    "family_delta_ivc_r": {
      "ABD": 0.007425119753018233,
      "ANA": 0.007425119753018233,
      "CAU": 0.007425119753018233,
      "CTF": 0.007425119753018233,
      "DED": 0.007425119753018233,
      "FAL_GUARD": 0.007012613100072776,
      "PROB": 0.007425119753018233
    },
    "family_delta_intervention_precision": {
      "ABD": -0.007200000000000008,
      "ANA": -0.007200000000000008,
      "CAU": -0.007200000000000008,
      "CTF": -0.007200000000000008,
      "DED": -0.007200000000000008,
      "FAL_GUARD": -0.0068000000000000066,
      "PROB": -0.007200000000000008
    },
    "family_delta_viability_margin": {
      "ABD": 0.13455360000000002,
      "ANA": 0.13455360000000002,
      "CAU": 0.13455360000000002,
      "CTF": 0.13455360000000002,
      "DED": 0.13455360000000002,
      "FAL_GUARD": 0.1270784,
      "PROB": 0.13455360000000002
    },
    "family_delta_reasoning_trace_length": {
      "ABD": 1.0,
      "ANA": 1.0,
      "CAU": 1.0,
      "CTF": 1.0,
      "DED": 1.0,
      "FAL_GUARD": 1.0,
      "PROB": 1.0
    },
    "family_delta_success_rate": {
      "ABD": 0.14400000000000002,
      "ANA": 0.14400000000000002,
      "CAU": 0.14400000000000002,
      "CTF": 0.14400000000000002,
      "DED": 0.14400000000000002,
      "FAL_GUARD": 0.136,
      "PROB": 0.14400000000000002
    },
    "family_delta_spatial_information_usage": {
      "ABD": 0.028800000000000006,
      "ANA": 0.028800000000000006,
      "CAU": 0.028800000000000006,
      "CTF": 0.028800000000000006,
      "DED": 0.028800000000000006,
      "FAL_GUARD": 0.027200000000000002,
      "PROB": 0.028800000000000006
    }
  },
  "proxy_mapping": {
    "closure_rate": "success_rate",
    "continuity_mean": "viability_margin"
  },
  "msrc_metrics": {
    "scale_selection_accuracy": 1.0,
    "upgrade_regret": 0,
    "downgrade_regret": 0,
    "missed_upgrade_regret": 0,
    "keep_scale_rate": 1.0,
    "upgrade_rate": 0.0,
    "downgrade_rate": 0.0,
    "probe_rate": 0.0,
    "probe_commit_rate": 0.0,
    "oscillation_rate": 0.0,
    "probe_value_rate": 0.0,
    "mean_resolution_cost": 1.0,
    "resolution_efficiency": 0.05156333161818217,
    "cross_scale_memory_contamination_rate": 0.1111111111111111,
    "vram_headroom_mean": 0.996704,
    "vram_peak_ratio": 0.003296,
    "vram_recompute_avoided": 0,
    "vram_enabled_probe_success_rate": 0.0,
    "vram_efficiency_after_intelligence": 15.644214689982455,
    "selected_scale_distribution": {
      "1x1": 1
    },
    "regime_distribution": {
      "homogeneous": 1
    },
    "regime_probe_rate": {
      "homogeneous": 0.0
    }
  },
  "generated_at": "2026-04-21T17:51:16.341080+00:00"
}