{
  "scenario": "heterogeneous_warning__core_plus_guard",
  "reasoning_mode": "fixed",
  "family_profile": "core_plus_guard",
  "regime_label": "heterogeneous_warning",
  "total_episodes": 8,
  "successful": 0,
  "failed": 8,
  "errors": 0,
  "success_rate": 0.0,
  "avg_metrics": {
    "intervention_precision": 0.06709558823529399,
    "proposition_diversity": 3.169925001442312,
    "spatial_information_usage": 0.8888888888888891,
    "wall_time_ms": 177.1581014999697,
    "artifact_size_bytes": 22321.75,
    "reasoning_trace_length": 6.0,
    "ivc_r": 0.003875214758029566,
    "family_mix_entropy": 2.584962500721156,
    "viability_margin": 0.8948999999999999
  },
  "failure_distribution": {
    "total_episodes": 8,
    "total_failures": 8,
    "failure_rate": 1.0,
    "failure_distribution": {
      "certification_failed": 8
    },
    "secondary_causes": {
      "spatial_complexity": 8
    }
  },
  "optional_family_usage_rate": 1.0,
  "family_specific_activation_counts": {
    "ABD": 8,
    "ANA": 8,
    "CAU": 8,
    "CTF": 8,
    "DED": 0,
    "FAL_GUARD": 8,
    "PROB": 8
  },
  "family_impact_aggregates": {
    "family_contribution_proxy": {
      "ABD": 0.1668292682926829,
      "ANA": 0.1668292682926829,
      "CAU": 0.1668292682926829,
      "CTF": 0.1668292682926829,
      "FAL_GUARD": 0.16585365853658537,
      "PROB": 0.1668292682926829
    },
    "family_delta_ivc_r": {
      "ABD": 0.0006464992425590788,
      "ANA": 0.0006464992425590788,
      "CAU": 0.0006464992425590788,
      "CTF": 0.0006464992425590788,
      "FAL_GUARD": 0.0006427185452341721,
      "PROB": 0.0006464992425590788
    },
    "family_delta_intervention_precision": {
      "ABD": 0.011193507890961242,
      "ANA": 0.011193507890961242,
      "CAU": 0.011193507890961242,
      "CTF": 0.011193507890961242,
      "FAL_GUARD": 0.011128048780487785,
      "PROB": 0.011193507890961242
    },
    "family_delta_viability_margin": {
      "ABD": 0.14929551219512197,
      "ANA": 0.14929551219512197,
      "CAU": 0.14929551219512197,
      "CTF": 0.14929551219512197,
      "FAL_GUARD": 0.14842243902439026,
      "PROB": 0.14929551219512197
    },
    "family_delta_reasoning_trace_length": {
      "ABD": 1.0,
      "ANA": 1.0,
      "CAU": 1.0,
      "CTF": 1.0,
      "FAL_GUARD": 1.0,
      "PROB": 1.0
    },
    "family_delta_success_rate": {
      "ABD": 0.0,
      "ANA": 0.0,
      "CAU": 0.0,
      "CTF": 0.0,
      "FAL_GUARD": 0.0,
      "PROB": 0.0
    },
    "family_delta_spatial_information_usage": {
      "ABD": 0.14829268292682926,
      "ANA": 0.14829268292682926,
      "CAU": 0.14829268292682926,
      "CTF": 0.14829268292682926,
      "FAL_GUARD": 0.14742547425474253,
      "PROB": 0.14829268292682926
    }
  }
}