{
  "run_id": "msrc-core-plus-guard-viability-edge-adaptive-msrc-regime-v3",
  "policy_name": "adaptive_msrc_regime_v3",
  "level": "viability_edge",
  "topology": "hotspot_center",
  "total_episodes": 1,
  "successful": 0,
  "failed": 1,
  "errors": 0,
  "success_rate": 0.0,
  "avg_metrics": {
    "intervention_precision": 0.0,
    "proposition_diversity": 2.584962500721156,
    "spatial_information_usage": 0.3333333333333333,
    "wall_time_ms": 159.365446000038,
    "artifact_size_bytes": 11235.0,
    "reasoning_trace_length": 6.0,
    "ivc_r": 0.0004155551592199699,
    "viability_margin": 0.8948,
    "family_mix_entropy": 2.584962500721156
  },
  "failure_distribution": {
    "certification_failed": 1
  },
  "collapse_count": 0,
  "optional_family_usage_rate": 1.0,
  "family_specific_activation_counts": {
    "ABD": 1,
    "ANA": 1,
    "CAU": 1,
    "CTF": 1,
    "DED": 0,
    "FAL_GUARD": 1,
    "PROB": 1
  },
  "family_impact_aggregates": {
    "family_contribution_proxy": {
      "ABD": 0.16682926829268294,
      "ANA": 0.16682926829268294,
      "CAU": 0.16682926829268294,
      "CTF": 0.16682926829268294,
      "FAL_GUARD": 0.16585365853658537,
      "PROB": 0.16682926829268294
    },
    "family_delta_ivc_r": {
      "ABD": 6.932676314791694e-05,
      "ANA": 6.932676314791694e-05,
      "CAU": 6.932676314791694e-05,
      "CTF": 6.932676314791694e-05,
      "FAL_GUARD": 6.892134348038526e-05,
      "PROB": 6.932676314791694e-05
    },
    "family_delta_intervention_precision": {
      "ABD": 0.0,
      "ANA": 0.0,
      "CAU": 0.0,
      "CTF": 0.0,
      "FAL_GUARD": 0.0,
      "PROB": 0.0
    },
    "family_delta_viability_margin": {
      "ABD": 0.1492788292682927,
      "ANA": 0.1492788292682927,
      "CAU": 0.1492788292682927,
      "CTF": 0.1492788292682927,
      "FAL_GUARD": 0.1484058536585366,
      "PROB": 0.1492788292682927
    },
    "family_delta_reasoning_trace_length": {
      "ABD": 1.0,
      "ANA": 1.0,
      "CAU": 1.0,
      "CTF": 1.0,
      "FAL_GUARD": 1.0,
      "PROB": 1.0
    },
    "family_delta_success_rate": {
      "ABD": 0.0,
      "ANA": 0.0,
      "CAU": 0.0,
      "CTF": 0.0,
      "FAL_GUARD": 0.0,
      "PROB": 0.0
    },
    "family_delta_spatial_information_usage": {
      "ABD": 0.055609756097560976,
      "ANA": 0.055609756097560976,
      "CAU": 0.055609756097560976,
      "CTF": 0.055609756097560976,
      "FAL_GUARD": 0.055284552845528454,
      "PROB": 0.055609756097560976
    }
  },
  "proxy_mapping": {
    "closure_rate": "success_rate",
    "continuity_mean": "viability_margin"
  },
  "msrc_metrics": {
    "scale_selection_accuracy": 1.0,
    "upgrade_regret": 0,
    "downgrade_regret": 0,
    "missed_upgrade_regret": 0,
    "keep_scale_rate": 0.0,
    "upgrade_rate": 1.0,
    "downgrade_rate": 0.0,
    "probe_rate": 0.0,
    "probe_commit_rate": 0.0,
    "oscillation_rate": 0.0,
    "probe_value_rate": 0.0,
    "mean_resolution_cost": 1.0,
    "resolution_efficiency": 0.0004155551592199699,
    "cross_scale_memory_contamination_rate": 0.1111111111111111,
    "vram_headroom_mean": 0.996704,
    "vram_peak_ratio": 0.003296,
    "vram_recompute_avoided": 1,
    "vram_enabled_probe_success_rate": 0.0,
    "vram_efficiency_after_intelligence": 0.1260786284041171,
    "selected_scale_distribution": {
      "1x1": 1
    },
    "regime_distribution": {
      "heterogeneous": 1
    },
    "regime_probe_rate": {
      "heterogeneous": 0.0
    }
  },
  "generated_at": "2026-04-21T17:39:27.480037+00:00"
}