{
  "run_id": "msrc-core-plus-heur-heterogeneous-warning-adaptive-msrc-regime-v3",
  "policy_name": "adaptive_msrc_regime_v3",
  "level": "heterogeneous_warning",
  "topology": "checkerboard",
  "total_episodes": 1,
  "successful": 1,
  "failed": 0,
  "errors": 0,
  "success_rate": 1.0,
  "avg_metrics": {
    "intervention_precision": -0.0454545454545455,
    "proposition_diversity": 2.321928094887362,
    "spatial_information_usage": 0.2,
    "wall_time_ms": 235.61981500006368,
    "artifact_size_bytes": 11893.0,
    "reasoning_trace_length": 7.0,
    "ivc_r": 0.049766601407161895,
    "viability_margin": 0.8944,
    "family_mix_entropy": 2.807354922057604
  },
  "failure_distribution": {},
  "collapse_count": 0,
  "optional_family_usage_rate": 1.0,
  "family_specific_activation_counts": {
    "ABD": 1,
    "ANA": 1,
    "CAU": 1,
    "CTF": 1,
    "DED": 1,
    "HEUR": 1,
    "PROB": 1
  },
  "family_impact_aggregates": {
    "family_contribution_proxy": {
      "ABD": 0.1366906474820144,
      "ANA": 0.1366906474820144,
      "CAU": 0.1366906474820144,
      "CTF": 0.1366906474820144,
      "DED": 0.1366906474820144,
      "HEUR": 0.1798561151079137,
      "PROB": 0.1366906474820144
    },
    "family_delta_ivc_r": {
      "ABD": 0.006802628969324288,
      "ANA": 0.006802628969324288,
      "CAU": 0.006802628969324288,
      "CTF": 0.006802628969324288,
      "DED": 0.006802628969324288,
      "HEUR": 0.00895082759121617,
      "PROB": 0.006802628969324288
    },
    "family_delta_intervention_precision": {
      "ABD": -0.006213211249182478,
      "ANA": -0.006213211249182478,
      "CAU": -0.006213211249182478,
      "CTF": -0.006213211249182478,
      "DED": -0.006213211249182478,
      "HEUR": -0.00817527795945063,
      "PROB": -0.006213211249182478
    },
    "family_delta_viability_margin": {
      "ABD": 0.12225611510791368,
      "ANA": 0.12225611510791368,
      "CAU": 0.12225611510791368,
      "CTF": 0.12225611510791368,
      "DED": 0.12225611510791368,
      "HEUR": 0.160863309352518,
      "PROB": 0.12225611510791368
    },
    "family_delta_reasoning_trace_length": {
      "ABD": 1.0,
      "ANA": 1.0,
      "CAU": 1.0,
      "CTF": 1.0,
      "DED": 1.0,
      "HEUR": 1.0,
      "PROB": 1.0
    },
    "family_delta_success_rate": {
      "ABD": 0.1366906474820144,
      "ANA": 0.1366906474820144,
      "CAU": 0.1366906474820144,
      "CTF": 0.1366906474820144,
      "DED": 0.1366906474820144,
      "HEUR": 0.1798561151079137,
      "PROB": 0.1366906474820144
    },
    "family_delta_spatial_information_usage": {
      "ABD": 0.02733812949640288,
      "ANA": 0.02733812949640288,
      "CAU": 0.02733812949640288,
      "CTF": 0.02733812949640288,
      "DED": 0.02733812949640288,
      "HEUR": 0.03597122302158274,
      "PROB": 0.02733812949640288
    }
  },
  "proxy_mapping": {
    "closure_rate": "success_rate",
    "continuity_mean": "viability_margin"
  },
  "msrc_metrics": {
    "scale_selection_accuracy": 1.0,
    "upgrade_regret": 0,
    "downgrade_regret": 0,
    "missed_upgrade_regret": 0,
    "keep_scale_rate": 0.0,
    "upgrade_rate": 1.0,
    "downgrade_rate": 0.0,
    "probe_rate": 0.0,
    "probe_commit_rate": 0.0,
    "oscillation_rate": 0.0,
    "probe_value_rate": 0.0,
    "mean_resolution_cost": 1.0,
    "resolution_efficiency": 0.049766601407161895,
    "cross_scale_memory_contamination_rate": 0.1111111111111111,
    "vram_headroom_mean": 0.996704,
    "vram_peak_ratio": 0.003296,
    "vram_recompute_avoided": 1,
    "vram_enabled_probe_success_rate": 0.0,
    "vram_efficiency_after_intelligence": 15.09909023275543,
    "selected_scale_distribution": {
      "1x1": 1
    },
    "regime_distribution": {
      "heterogeneous": 1
    },
    "regime_probe_rate": {
      "heterogeneous": 0.0
    }
  },
  "generated_at": "2026-04-21T17:51:01.074776+00:00"
}