{
  "scenario": "viability_edge__core_plus_heur",
  "reasoning_mode": "fixed",
  "family_profile": "core_plus_heur",
  "regime_label": "viability_edge",
  "total_episodes": 1,
  "successful": 0,
  "failed": 1,
  "errors": 0,
  "success_rate": 0.0,
  "avg_metrics": {
    "intervention_precision": 0.0,
    "proposition_diversity": 0.0,
    "spatial_information_usage": 0.0,
    "wall_time_ms": 0.0,
    "artifact_size_bytes": 0.0,
    "reasoning_trace_length": 0.0,
    "ivc_r": 0.0,
    "family_mix_entropy": 0.0,
    "viability_margin": 0.0
  },
  "failure_distribution": {
    "total_episodes": 1,
    "total_failures": 1,
    "failure_rate": 1.0,
    "failure_distribution": {
      "certification_failed": 1
    },
    "secondary_causes": {
      "weak_cooling": 1,
      "spatial_complexity": 1
    }
  },
  "optional_family_usage_rate": 1.0,
  "family_specific_activation_counts": {
    "ABD": 1,
    "ANA": 1,
    "CAU": 1,
    "CTF": 1,
    "DED": 0,
    "HEUR": 1,
    "PROB": 1
  },
  "family_impact_aggregates": {
    "family_contribution_proxy": {
      "ABD": 0.15833333333333335,
      "ANA": 0.15833333333333335,
      "CAU": 0.15833333333333335,
      "CTF": 0.15833333333333335,
      "HEUR": 0.20833333333333334,
      "PROB": 0.15833333333333335
    },
    "family_delta_ivc_r": {
      "ABD": 0.0005432486641651483,
      "ANA": 0.0005432486641651483,
      "CAU": 0.0005432486641651483,
      "CTF": 0.0005432486641651483,
      "HEUR": 0.0007148008739015109,
      "PROB": 0.0005432486641651483
    },
    "family_delta_intervention_precision": {
      "ABD": 0.006399999999999946,
      "ANA": 0.006399999999999946,
      "CAU": 0.006399999999999946,
      "CTF": 0.006399999999999946,
      "HEUR": 0.008421052631578876,
      "PROB": 0.006399999999999946
    },
    "family_delta_viability_margin": {
      "ABD": 0.1416766666666667,
      "ANA": 0.1416766666666667,
      "CAU": 0.1416766666666667,
      "CTF": 0.1416766666666667,
      "HEUR": 0.18641666666666667,
      "PROB": 0.1416766666666667
    },
    "family_delta_reasoning_trace_length": {
      "ABD": 1.0,
      "ANA": 1.0,
      "CAU": 1.0,
      "CTF": 1.0,
      "HEUR": 1.0,
      "PROB": 1.0
    },
    "family_delta_success_rate": {
      "ABD": 0.0,
      "ANA": 0.0,
      "CAU": 0.0,
      "CTF": 0.0,
      "HEUR": 0.0,
      "PROB": 0.0
    },
    "family_delta_spatial_information_usage": {
      "ABD": 0.13194444444444448,
      "ANA": 0.13194444444444448,
      "CAU": 0.13194444444444448,
      "CTF": 0.13194444444444448,
      "HEUR": 0.17361111111111113,
      "PROB": 0.13194444444444448
    }
  }
}