{
  "authority": {
    "LIVE_AUTHORITY": false,
    "MAIN_MERGE_AUTHORIZED": false,
    "P3_DESIGN_AUTHORIZED": false,
    "PROMOTION_AUTHORIZED": false,
    "STAGING_AUTHORIZED": false
  },
  "contrasts": {
    "reference - canonical": {
      "assignments_enumerated": 4096,
      "bootstrap_ci95": [
        -2.6041666666667485e-05,
        0.003437500000000001
      ],
      "bootstrap_samples": 10000,
      "exact_sign_flip_p_value": 0.099609375,
      "gate_passed": false,
      "maximum": 0.007187500000000001,
      "mean": 0.0017447916666666666,
      "median": 0.0024999999999999988,
      "minimum": -0.0037500000000000025,
      "negative_count": 3,
      "positive_count": 8,
      "seed_values": [
        0.003749999999999999,
        0.002499999999999997,
        0.0037500000000000007,
        -0.0021875,
        0.0021875,
        -0.0037500000000000025,
        -0.0025000000000000005,
        0.0,
        0.0037500000000000025,
        0.007187500000000001,
        0.0025000000000000005,
        0.0037500000000000007
      ],
      "standard_deviation_ddof1": 0.0032158894320257897,
      "zero_count": 1
    },
    "trained - canonical": {
      "assignments_enumerated": 4096,
      "bootstrap_ci95": [
        -0.00046875000000000047,
        0.003854166666666667
      ],
      "bootstrap_samples": 10000,
      "exact_sign_flip_p_value": 0.1748046875,
      "gate_passed": false,
      "maximum": 0.009687500000000002,
      "mean": 0.0016666666666666663,
      "median": 0.0025000000000000005,
      "minimum": -0.0037500000000000025,
      "negative_count": 4,
      "positive_count": 8,
      "seed_values": [
        0.004062499999999999,
        0.003749999999999997,
        0.0025000000000000005,
        -0.0034375000000000005,
        0.0021875,
        -0.0037500000000000025,
        -0.0025000000000000005,
        -0.002187500000000002,
        0.003437500000000002,
        0.009687500000000002,
        0.0025000000000000005,
        0.0037500000000000007
      ],
      "standard_deviation_ddof1": 0.003944603380991977,
      "zero_count": 0
    },
    "trained - reference": {
      "assignments_enumerated": 4096,
      "bootstrap_ci95": [
        -0.0007291666666666674,
        0.0005729166666666666
      ],
      "bootstrap_samples": 10000,
      "exact_sign_flip_p_value": 0.9375,
      "gate_passed": false,
      "maximum": 0.0024999999999999996,
      "mean": -7.812500000000027e-05,
      "median": 0.0,
      "minimum": -0.002187500000000002,
      "negative_count": 5,
      "positive_count": 3,
      "seed_values": [
        0.0003125000000000003,
        0.0012499999999999998,
        -0.0012500000000000002,
        -0.0012500000000000002,
        0.0,
        0.0,
        -2.168404344971009e-19,
        -0.002187500000000002,
        -0.0003125000000000003,
        0.0024999999999999996,
        0.0,
        0.0
      ],
      "standard_deviation_ddof1": 0.0012001790231044704,
      "zero_count": 4
    }
  },
  "integrity": {
    "actual_state_hash_parity": 1.0,
    "balanced_memory_bank_rate": 1.0,
    "external_reasoner_calls": 0,
    "oracle_order_integrity": 1.0,
    "raw_pool_set_parity": 1.0,
    "receipt_count": 2304,
    "three_arm_pairing": 1.0,
    "training_calls": 0,
    "treatment_delivery": {
      "n3-reference": 0.0,
      "n3-trained": 0.0
    },
    "unauthorized_interventions": 0,
    "unit_count": 768,
    "units_with_nonconstant_scores_rate": 1.0
  },
  "schema_version": "p2-v2-audit-v1",
  "verdict": "p2_v2_treatment_not_delivered"
}
