{
  "scenario": "viability_edge__core_plus_dialectic",
  "reasoning_mode": "fixed",
  "family_profile": "core_plus_dialectic",
  "regime_label": "viability_edge",
  "total_episodes": 8,
  "successful": 0,
  "failed": 8,
  "errors": 0,
  "success_rate": 0.0,
  "avg_metrics": {
    "intervention_precision": 0.0404210526315786,
    "proposition_diversity": 2.584962500721156,
    "spatial_information_usage": 0.8333333333333333,
    "wall_time_ms": 195.66202637497554,
    "artifact_size_bytes": 22650.75,
    "reasoning_trace_length": 7.0,
    "ivc_r": 0.003397397518560107,
    "family_mix_entropy": 2.8073549220576046,
    "viability_margin": 0.8948
  },
  "failure_distribution": {
    "total_episodes": 8,
    "total_failures": 8,
    "failure_rate": 1.0,
    "failure_distribution": {
      "certification_failed": 8
    },
    "secondary_causes": {
      "weak_cooling": 8,
      "spatial_complexity": 8
    }
  },
  "optional_family_usage_rate": 1.0,
  "family_specific_activation_counts": {
    "ABD": 8,
    "ANA": 8,
    "CAU": 8,
    "CTF": 8,
    "DED": 8,
    "DIA_ADV": 8,
    "PROB": 8
  },
  "family_impact_aggregates": {
    "family_contribution_proxy": {
      "ABD": 0.1493924231593996,
      "ANA": 0.1493924231593996,
      "CAU": 0.1493924231593996,
      "CTF": 0.1493924231593996,
      "DED": 0.1493924231593996,
      "DIA_ADV": 0.1036454610436026,
      "PROB": 0.1493924231593996
    },
    "family_delta_ivc_r": {
      "ABD": 0.0005075454477334256,
      "ANA": 0.0005075454477334256,
      "CAU": 0.0005075454477334256,
      "CTF": 0.0005075454477334256,
      "DED": 0.0005075454477334256,
      "DIA_ADV": 0.00035212483215955377,
      "PROB": 0.0005075454477334256
    },
    "family_delta_intervention_precision": {
      "ABD": 0.006038598999285153,
      "ANA": 0.006038598999285153,
      "CAU": 0.006038598999285153,
      "CTF": 0.006038598999285153,
      "DED": 0.006038598999285153,
      "DIA_ADV": 0.004189458635867691,
      "PROB": 0.006038598999285153
    },
    "family_delta_viability_margin": {
      "ABD": 0.13367634024303077,
      "ANA": 0.13367634024303077,
      "CAU": 0.13367634024303077,
      "CTF": 0.13367634024303077,
      "DED": 0.13367634024303077,
      "DIA_ADV": 0.0927419585418156,
      "PROB": 0.13367634024303077
    },
    "family_delta_reasoning_trace_length": {
      "ABD": 1.0,
      "ANA": 1.0,
      "CAU": 1.0,
      "CTF": 1.0,
      "DED": 1.0,
      "DIA_ADV": 1.0,
      "PROB": 1.0
    },
    "family_delta_success_rate": {
      "ABD": 0.0,
      "ANA": 0.0,
      "CAU": 0.0,
      "CTF": 0.0,
      "DED": 0.0,
      "DIA_ADV": 0.0,
      "PROB": 0.0
    },
    "family_delta_spatial_information_usage": {
      "ABD": 0.1244936859661663,
      "ANA": 0.1244936859661663,
      "CAU": 0.1244936859661663,
      "CTF": 0.1244936859661663,
      "DED": 0.1244936859661663,
      "DIA_ADV": 0.08637121753633549,
      "PROB": 0.1244936859661663
    }
  }
}