{
  "scenario": "viability_edge__core_plus_guard",
  "reasoning_mode": "fixed",
  "family_profile": "core_plus_guard",
  "regime_label": "viability_edge",
  "total_episodes": 1,
  "successful": 1,
  "failed": 0,
  "errors": 0,
  "success_rate": 1.0,
  "avg_metrics": {
    "intervention_precision": 0.0404210526315786,
    "proposition_diversity": 2.584962500721156,
    "spatial_information_usage": 0.8333333333333334,
    "wall_time_ms": 635.2661230002923,
    "artifact_size_bytes": 967715.0,
    "reasoning_trace_length": 7.0,
    "ivc_r": 0.3808293247277619,
    "family_mix_entropy": 2.807354922057604,
    "viability_margin": 0.9017
  },
  "failure_distribution": {
    "total_episodes": 1,
    "total_failures": 0,
    "failure_rate": 0.0,
    "failure_distribution": {},
    "secondary_causes": {
      "weak_cooling": 1,
      "spatial_complexity": 1
    }
  },
  "optional_family_usage_rate": 1.0,
  "backbone_floor_satisfied_rate": 1.0,
  "sequence_validation_fail_rate": 0.0,
  "fallback_to_safe_sequence_rate": 0.0,
  "optional_displacement_rate": 0.0,
  "closure_break_rate": 0.0,
  "family_specific_activation_counts": {
    "ABD": 1,
    "ANA": 1,
    "CAU": 1,
    "CTF": 1,
    "DED": 1,
    "FAL_GUARD": 1,
    "PROB": 1
  },
  "family_impact_aggregates": {
    "family_contribution_proxy": {
      "ABD": 0.14297658862876256,
      "ANA": 0.14297658862876256,
      "CAU": 0.14297658862876256,
      "CTF": 0.14297658862876256,
      "DED": 0.14297658862876256,
      "FAL_GUARD": 0.14214046822742477,
      "PROB": 0.14297658862876256
    },
    "family_delta_ivc_r": {
      "ABD": 0.05444967769937064,
      "ANA": 0.05444967769937064,
      "CAU": 0.05444967769937064,
      "CTF": 0.05444967769937064,
      "DED": 0.05444967769937064,
      "FAL_GUARD": 0.054131258531538065,
      "PROB": 0.05444967769937064
    },
    "family_delta_intervention_precision": {
      "ABD": 0.0057792642140467735,
      "ANA": 0.0057792642140467735,
      "CAU": 0.0057792642140467735,
      "CTF": 0.0057792642140467735,
      "DED": 0.0057792642140467735,
      "FAL_GUARD": 0.005745467347297963,
      "PROB": 0.0057792642140467735
    },
    "family_delta_viability_margin": {
      "ABD": 0.12892198996655518,
      "ANA": 0.12892198996655518,
      "CAU": 0.12892198996655518,
      "CTF": 0.12892198996655518,
      "DED": 0.12892198996655518,
      "FAL_GUARD": 0.1281680602006689,
      "PROB": 0.12892198996655518
    },
    "family_delta_reasoning_trace_length": {
      "ABD": 1.0,
      "ANA": 1.0,
      "CAU": 1.0,
      "CTF": 1.0,
      "DED": 1.0,
      "FAL_GUARD": 1.0,
      "PROB": 1.0
    },
    "family_delta_success_rate": {
      "ABD": 0.14297658862876256,
      "ANA": 0.14297658862876256,
      "CAU": 0.14297658862876256,
      "CTF": 0.14297658862876256,
      "DED": 0.14297658862876256,
      "FAL_GUARD": 0.14214046822742477,
      "PROB": 0.14297658862876256
    },
    "family_delta_spatial_information_usage": {
      "ABD": 0.11914715719063547,
      "ANA": 0.11914715719063547,
      "CAU": 0.11914715719063547,
      "CTF": 0.11914715719063547,
      "DED": 0.11914715719063547,
      "FAL_GUARD": 0.11845039018952064,
      "PROB": 0.11914715719063547
    }
  }
}