{
  "scenario": "aeon_graded_deep_v1_prompt1__sensitivity_10__heterogeneous_warning__adaptive_family_ecology__block_04",
  "reasoning_mode": "adaptive",
  "family_profile": "adaptive_family_ecology",
  "regime_label": "heterogeneous_warning",
  "total_episodes": 8,
  "successful": 8,
  "failed": 0,
  "errors": 0,
  "success_rate": 1.0,
  "avg_metrics": {
    "intervention_precision": 0.067095588235294,
    "proposition_diversity": 3.169925001442312,
    "spatial_information_usage": 0.8888888888888888,
    "wall_time_ms": 757.3196430007556,
    "artifact_size_bytes": 148247.875,
    "reasoning_trace_length": 9.0,
    "ivc_r": 0.42368907321990906,
    "family_mix_entropy": 3.169925001442312,
    "viability_margin": 0.90615
  },
  "failure_distribution": {
    "total_episodes": 8,
    "total_failures": 0,
    "failure_rate": 0.0,
    "failure_distribution": {},
    "secondary_causes": {
      "spatial_complexity": 8
    }
  },
  "optional_family_usage_rate": 1.0,
  "backbone_floor_satisfied_rate": 1.0,
  "sequence_validation_fail_rate": 0.0,
  "fallback_to_safe_sequence_rate": 0.0,
  "optional_displacement_rate": 0.0,
  "closure_break_rate": 0.0,
  "family_specific_activation_counts": {
    "ABD": 8,
    "ANA": 8,
    "CAU": 8,
    "CTF": 8,
    "DED": 8,
    "DIA_ADV": 8,
    "EML_SR": 0,
    "FAL_GUARD": 8,
    "HEUR": 8,
    "PROB": 8
  },
  "family_impact_aggregates": {
    "family_contribution_proxy": {
      "ABD": 0.1232932642081951,
      "ANA": 0.058986782707398225,
      "CAU": 0.1115856773437493,
      "CTF": 0.12555322220793805,
      "DED": 0.1192755610975411,
      "DIA_ADV": 0.08560446968723044,
      "FAL_GUARD": 0.10044257776635038,
      "HEUR": 0.17708961707150822,
      "PROB": 0.09816882791008917
    },
    "family_delta_ivc_r": {
      "ABD": 0.052239817595501996,
      "ANA": 0.02496526982853009,
      "CAU": 0.04727926921348023,
      "CTF": 0.05319737026018533,
      "DED": 0.050537501747176056,
      "DIA_ADV": 0.03627093426830818,
      "FAL_GUARD": 0.04255789620814826,
      "HEUR": 0.07504217457335213,
      "PROB": 0.04159883952522677
    },
    "family_delta_intervention_precision": {
      "ABD": 0.008272434087498374,
      "ANA": 0.003957752883860352,
      "CAU": 0.007486906660012577,
      "CTF": 0.00842406729887818,
      "DED": 0.008002863933934271,
      "DIA_ADV": 0.00574368224923512,
      "FAL_GUARD": 0.006739253839102543,
      "HEUR": 0.011881932027775802,
      "PROB": 0.006586695254996782
    },
    "family_delta_viability_margin": {
      "ABD": 0.11172402459469064,
      "ANA": 0.05342372510824128,
      "CAU": 0.10111502067879886,
      "CTF": 0.1137719191391962,
      "DED": 0.10808332318223637,
      "DIA_ADV": 0.07757176304945193,
      "FAL_GUARD": 0.09101753531135692,
      "HEUR": 0.16048114747981865,
      "PROB": 0.08896154145620909
    },
    "family_delta_reasoning_trace_length": {
      "ABD": 1.0,
      "ANA": 1.0,
      "CAU": 1.0,
      "CTF": 1.0,
      "DED": 1.0,
      "DIA_ADV": 1.0,
      "FAL_GUARD": 1.0,
      "HEUR": 1.0,
      "PROB": 1.0
    },
    "family_delta_success_rate": {
      "ABD": 0.1232932642081951,
      "ANA": 0.058986782707398225,
      "CAU": 0.1115856773437493,
      "CTF": 0.12555322220793805,
      "DED": 0.1192755610975411,
      "DIA_ADV": 0.08560446968723044,
      "FAL_GUARD": 0.10044257776635038,
      "HEUR": 0.17708961707150822,
      "PROB": 0.09816882791008917
    },
    "family_delta_spatial_information_usage": {
      "ABD": 0.10959401262950676,
      "ANA": 0.05243269573990955,
      "CAU": 0.09918726874999938,
      "CTF": 0.11160286418483378,
      "DED": 0.1060227209755921,
      "DIA_ADV": 0.07609286194420484,
      "FAL_GUARD": 0.08928229134786701,
      "HEUR": 0.1574129929524517,
      "PROB": 0.08726118036452371
    }
  }
}