{
  "scenario": "vram_favorable__core_plus_dialectic",
  "reasoning_mode": "fixed",
  "family_profile": "core_plus_dialectic",
  "regime_label": "vram_favorable",
  "total_episodes": 1,
  "successful": 1,
  "failed": 0,
  "errors": 0,
  "success_rate": 1.0,
  "avg_metrics": {
    "intervention_precision": -0.002000000000000195,
    "proposition_diversity": 2.0,
    "spatial_information_usage": 0.75,
    "wall_time_ms": 337.01453899993794,
    "artifact_size_bytes": 788981.0,
    "reasoning_trace_length": 7.0,
    "ivc_r": 0.047915170008298015,
    "family_mix_entropy": 2.807354922057604,
    "viability_margin": 0.9414
  },
  "failure_distribution": {
    "total_episodes": 1,
    "total_failures": 0,
    "failure_rate": 0.0,
    "failure_distribution": {},
    "secondary_causes": {
      "tight_threshold": 1
    }
  },
  "optional_family_usage_rate": 1.0,
  "family_specific_activation_counts": {
    "ABD": 1,
    "ANA": 1,
    "CAU": 1,
    "CTF": 1,
    "DED": 1,
    "DIA_ADV": 1,
    "PROB": 1
  },
  "family_impact_aggregates": {
    "family_contribution_proxy": {
      "ABD": 0.15017064846416386,
      "ANA": 0.15017064846416386,
      "CAU": 0.15017064846416386,
      "CTF": 0.15017064846416386,
      "DED": 0.15017064846416386,
      "DIA_ADV": 0.09897610921501708,
      "PROB": 0.15017064846416386
    },
    "family_delta_ivc_r": {
      "ABD": 0.007195452151416769,
      "ANA": 0.007195452151416769,
      "CAU": 0.007195452151416769,
      "CTF": 0.007195452151416769,
      "DED": 0.007195452151416769,
      "DIA_ADV": 0.004742457099797415,
      "PROB": 0.007195452151416769
    },
    "family_delta_intervention_precision": {
      "ABD": -0.00030034129692835704,
      "ANA": -0.00030034129692835704,
      "CAU": -0.00030034129692835704,
      "CTF": -0.00030034129692835704,
      "DED": -0.00030034129692835704,
      "DIA_ADV": -0.00019795221843005347,
      "PROB": -0.00030034129692835704
    },
    "family_delta_viability_margin": {
      "ABD": 0.14137064846416386,
      "ANA": 0.14137064846416386,
      "CAU": 0.14137064846416386,
      "CTF": 0.14137064846416386,
      "DED": 0.14137064846416386,
      "DIA_ADV": 0.09317610921501708,
      "PROB": 0.14137064846416386
    },
    "family_delta_reasoning_trace_length": {
      "ABD": 1.0,
      "ANA": 1.0,
      "CAU": 1.0,
      "CTF": 1.0,
      "DED": 1.0,
      "DIA_ADV": 1.0,
      "PROB": 1.0
    },
    "family_delta_success_rate": {
      "ABD": 0.15017064846416386,
      "ANA": 0.15017064846416386,
      "CAU": 0.15017064846416386,
      "CTF": 0.15017064846416386,
      "DED": 0.15017064846416386,
      "DIA_ADV": 0.09897610921501708,
      "PROB": 0.15017064846416386
    },
    "family_delta_spatial_information_usage": {
      "ABD": 0.1126279863481229,
      "ANA": 0.1126279863481229,
      "CAU": 0.1126279863481229,
      "CTF": 0.1126279863481229,
      "DED": 0.1126279863481229,
      "DIA_ADV": 0.0742320819112628,
      "PROB": 0.1126279863481229
    }
  }
}