{
  "run_id": "msrc-core-plus-dialectic-viability-edge-probe-before-switch",
  "policy_name": "probe_before_switch",
  "level": "viability_edge",
  "topology": "hotspot_center",
  "total_episodes": 1,
  "successful": 1,
  "failed": 0,
  "errors": 0,
  "success_rate": 1.0,
  "avg_metrics": {
    "intervention_precision": 0.0,
    "proposition_diversity": 2.584962500721156,
    "spatial_information_usage": 0.3333333333333333,
    "wall_time_ms": 199.39563199977783,
    "artifact_size_bytes": 11956.0,
    "reasoning_trace_length": 7.0,
    "ivc_r": 0.05115601258150848,
    "viability_margin": 0.8948,
    "family_mix_entropy": 2.807354922057604
  },
  "failure_distribution": {},
  "collapse_count": 0,
  "optional_family_usage_rate": 1.0,
  "family_specific_activation_counts": {
    "ABD": 1,
    "ANA": 1,
    "CAU": 1,
    "CTF": 1,
    "DED": 1,
    "DIA_ADV": 1,
    "PROB": 1
  },
  "family_impact_aggregates": {
    "family_contribution_proxy": {
      "ABD": 0.1493924231593996,
      "ANA": 0.1493924231593996,
      "CAU": 0.1493924231593996,
      "CTF": 0.1493924231593996,
      "DED": 0.1493924231593996,
      "DIA_ADV": 0.10364546104360259,
      "PROB": 0.1493924231593996
    },
    "family_delta_ivc_r": {
      "ABD": 0.007642320678724285,
      "ANA": 0.007642320678724285,
      "CAU": 0.007642320678724285,
      "CTF": 0.007642320678724285,
      "DED": 0.007642320678724285,
      "DIA_ADV": 0.005302088509162781,
      "PROB": 0.007642320678724285
    },
    "family_delta_intervention_precision": {
      "ABD": 0.0,
      "ANA": 0.0,
      "CAU": 0.0,
      "CTF": 0.0,
      "DED": 0.0,
      "DIA_ADV": 0.0,
      "PROB": 0.0
    },
    "family_delta_viability_margin": {
      "ABD": 0.13367634024303077,
      "ANA": 0.13367634024303077,
      "CAU": 0.13367634024303077,
      "CTF": 0.13367634024303077,
      "DED": 0.13367634024303077,
      "DIA_ADV": 0.0927419585418156,
      "PROB": 0.13367634024303077
    },
    "family_delta_reasoning_trace_length": {
      "ABD": 1.0,
      "ANA": 1.0,
      "CAU": 1.0,
      "CTF": 1.0,
      "DED": 1.0,
      "DIA_ADV": 1.0,
      "PROB": 1.0
    },
    "family_delta_success_rate": {
      "ABD": 0.1493924231593996,
      "ANA": 0.1493924231593996,
      "CAU": 0.1493924231593996,
      "CTF": 0.1493924231593996,
      "DED": 0.1493924231593996,
      "DIA_ADV": 0.10364546104360259,
      "PROB": 0.1493924231593996
    },
    "family_delta_spatial_information_usage": {
      "ABD": 0.049797474386466534,
      "ANA": 0.049797474386466534,
      "CAU": 0.049797474386466534,
      "CTF": 0.049797474386466534,
      "DED": 0.049797474386466534,
      "DIA_ADV": 0.034548487014534196,
      "PROB": 0.049797474386466534
    }
  },
  "proxy_mapping": {
    "closure_rate": "success_rate",
    "continuity_mean": "viability_margin"
  },
  "msrc_metrics": {
    "scale_selection_accuracy": 1.0,
    "upgrade_regret": 0,
    "downgrade_regret": 0,
    "missed_upgrade_regret": 1,
    "keep_scale_rate": 1.0,
    "upgrade_rate": 0.0,
    "downgrade_rate": 0.0,
    "probe_rate": 0.0,
    "probe_commit_rate": 0.0,
    "oscillation_rate": 0.0,
    "probe_value_rate": 0.0,
    "mean_resolution_cost": 1.0,
    "resolution_efficiency": 0.05115601258150848,
    "cross_scale_memory_contamination_rate": 0.1111111111111111,
    "vram_headroom_mean": 0.996704,
    "vram_peak_ratio": 0.003296,
    "vram_recompute_avoided": 0,
    "vram_enabled_probe_success_rate": 0.0,
    "vram_efficiency_after_intelligence": 15.520634885166409,
    "selected_scale_distribution": {
      "1x1": 1
    },
    "regime_distribution": {},
    "regime_probe_rate": {}
  },
  "generated_at": "2026-04-21T17:51:09.745355+00:00"
}