{
  "scenario": "viability_edge__core_plus_dialectic",
  "reasoning_mode": "fixed",
  "family_profile": "core_plus_dialectic",
  "regime_label": "viability_edge",
  "total_episodes": 8,
  "successful": 0,
  "failed": 8,
  "errors": 0,
  "success_rate": 0.0,
  "avg_metrics": {
    "intervention_precision": 0.0404210526315786,
    "proposition_diversity": 2.584962500721156,
    "spatial_information_usage": 0.8333333333333333,
    "wall_time_ms": 175.2323258749584,
    "artifact_size_bytes": 21972.25,
    "reasoning_trace_length": 6.0,
    "ivc_r": 0.003434722749853042,
    "family_mix_entropy": 2.584962500721156,
    "viability_margin": 0.8948
  },
  "failure_distribution": {
    "total_episodes": 8,
    "total_failures": 8,
    "failure_rate": 1.0,
    "failure_distribution": {
      "certification_failed": 8
    },
    "secondary_causes": {
      "weak_cooling": 8,
      "spatial_complexity": 8
    }
  },
  "optional_family_usage_rate": 1.0,
  "family_specific_activation_counts": {
    "ABD": 8,
    "ANA": 8,
    "CAU": 8,
    "CTF": 8,
    "DED": 0,
    "DIA_ADV": 8,
    "PROB": 8
  },
  "family_impact_aggregates": {
    "family_contribution_proxy": {
      "ABD": 0.17563025210084038,
      "ANA": 0.17563025210084038,
      "CAU": 0.17563025210084038,
      "CTF": 0.17563025210084038,
      "DIA_ADV": 0.12184873949579833,
      "PROB": 0.17563025210084038
    },
    "family_delta_ivc_r": {
      "ABD": 0.0006032412224531813,
      "ANA": 0.0006032412224531813,
      "CAU": 0.0006032412224531813,
      "CTF": 0.0006032412224531813,
      "DIA_ADV": 0.00041851663758713534,
      "PROB": 0.0006032412224531813
    },
    "family_delta_intervention_precision": {
      "ABD": 0.007099159663865486,
      "ANA": 0.007099159663865486,
      "CAU": 0.007099159663865486,
      "CTF": 0.007099159663865486,
      "DIA_ADV": 0.004925254312251174,
      "PROB": 0.007099159663865486
    },
    "family_delta_viability_margin": {
      "ABD": 0.15715394957983198,
      "ANA": 0.15715394957983198,
      "CAU": 0.15715394957983198,
      "CTF": 0.15715394957983198,
      "DIA_ADV": 0.10903025210084036,
      "PROB": 0.15715394957983198
    },
    "family_delta_reasoning_trace_length": {
      "ABD": 1.0,
      "ANA": 1.0,
      "CAU": 1.0,
      "CTF": 1.0,
      "DIA_ADV": 1.0,
      "PROB": 1.0
    },
    "family_delta_success_rate": {
      "ABD": 0.0,
      "ANA": 0.0,
      "CAU": 0.0,
      "CTF": 0.0,
      "DIA_ADV": 0.0,
      "PROB": 0.0
    },
    "family_delta_spatial_information_usage": {
      "ABD": 0.14635854341736698,
      "ANA": 0.14635854341736698,
      "CAU": 0.14635854341736698,
      "CTF": 0.14635854341736698,
      "DIA_ADV": 0.1015406162464986,
      "PROB": 0.14635854341736698
    }
  }
}