{
  "scenario": "heterogeneous_warning__core_only",
  "reasoning_mode": "fixed",
  "family_profile": "core_only",
  "regime_label": "heterogeneous_warning",
  "total_episodes": 1,
  "successful": 1,
  "failed": 0,
  "errors": 0,
  "success_rate": 1.0,
  "avg_metrics": {
    "intervention_precision": 0.06709558823529399,
    "proposition_diversity": 3.169925001442312,
    "spatial_information_usage": 0.8888888888888888,
    "wall_time_ms": 244.66663499993047,
    "artifact_size_bytes": 273751.0,
    "reasoning_trace_length": 6.0,
    "ivc_r": 0.47322581479024667,
    "family_mix_entropy": 2.584962500721156,
    "viability_margin": 0.9019
  },
  "failure_distribution": {
    "total_episodes": 1,
    "total_failures": 0,
    "failure_rate": 0.0,
    "failure_distribution": {},
    "secondary_causes": {
      "spatial_complexity": 1
    }
  },
  "optional_family_usage_rate": 0.0,
  "family_specific_activation_counts": {
    "ABD": 1,
    "ANA": 1,
    "CAU": 1,
    "CTF": 1,
    "DED": 1,
    "DIA_ADV": 0,
    "EML_SR": 0,
    "FAL_GUARD": 0,
    "HEUR": 0,
    "IND": 0,
    "PROB": 1
  },
  "family_impact_aggregates": {
    "family_contribution_proxy": {
      "ABD": 0.16666666666666669,
      "ANA": 0.16666666666666669,
      "CAU": 0.16666666666666669,
      "CTF": 0.16666666666666669,
      "DED": 0.16666666666666669,
      "PROB": 0.16666666666666669
    },
    "family_delta_ivc_r": {
      "ABD": 0.07887096913170778,
      "ANA": 0.07887096913170778,
      "CAU": 0.07887096913170778,
      "CTF": 0.07887096913170778,
      "DED": 0.07887096913170778,
      "PROB": 0.07887096913170778
    },
    "family_delta_intervention_precision": {
      "ABD": 0.011182598039215666,
      "ANA": 0.011182598039215666,
      "CAU": 0.011182598039215666,
      "CTF": 0.011182598039215666,
      "DED": 0.011182598039215666,
      "PROB": 0.011182598039215666
    },
    "family_delta_viability_margin": {
      "ABD": 0.15031666666666668,
      "ANA": 0.15031666666666668,
      "CAU": 0.15031666666666668,
      "CTF": 0.15031666666666668,
      "DED": 0.15031666666666668,
      "PROB": 0.15031666666666668
    },
    "family_delta_reasoning_trace_length": {
      "ABD": 1.0,
      "ANA": 1.0,
      "CAU": 1.0,
      "CTF": 1.0,
      "DED": 1.0,
      "PROB": 1.0
    },
    "family_delta_success_rate": {
      "ABD": 0.16666666666666669,
      "ANA": 0.16666666666666669,
      "CAU": 0.16666666666666669,
      "CTF": 0.16666666666666669,
      "DED": 0.16666666666666669,
      "PROB": 0.16666666666666669
    },
    "family_delta_spatial_information_usage": {
      "ABD": 0.14814814814814817,
      "ANA": 0.14814814814814817,
      "CAU": 0.14814814814814817,
      "CTF": 0.14814814814814817,
      "DED": 0.14814814814814817,
      "PROB": 0.14814814814814817
    }
  }
}