{
  "run_id": "msrc-core-plus-guard-viability-edge-adaptive-msrc-regime-v3",
  "policy_name": "adaptive_msrc_regime_v3",
  "level": "viability_edge",
  "topology": "hotspot_center",
  "total_episodes": 1,
  "successful": 1,
  "failed": 0,
  "errors": 0,
  "success_rate": 1.0,
  "avg_metrics": {
    "intervention_precision": 0.0,
    "proposition_diversity": 2.584962500721156,
    "spatial_information_usage": 0.3333333333333333,
    "wall_time_ms": 236.02792399969985,
    "artifact_size_bytes": 11900.0,
    "reasoning_trace_length": 7.0,
    "ivc_r": 0.05030045488770332,
    "viability_margin": 0.8948,
    "family_mix_entropy": 2.807354922057604
  },
  "failure_distribution": {},
  "collapse_count": 0,
  "optional_family_usage_rate": 1.0,
  "family_specific_activation_counts": {
    "ABD": 1,
    "ANA": 1,
    "CAU": 1,
    "CTF": 1,
    "DED": 1,
    "FAL_GUARD": 1,
    "PROB": 1
  },
  "family_impact_aggregates": {
    "family_contribution_proxy": {
      "ABD": 0.14297658862876256,
      "ANA": 0.14297658862876256,
      "CAU": 0.14297658862876256,
      "CTF": 0.14297658862876256,
      "DED": 0.14297658862876256,
      "FAL_GUARD": 0.14214046822742477,
      "PROB": 0.14297658862876256
    },
    "family_delta_ivc_r": {
      "ABD": 0.0071917874463187864,
      "ANA": 0.0071917874463187864,
      "CAU": 0.0071917874463187864,
      "CTF": 0.0071917874463187864,
      "DED": 0.0071917874463187864,
      "FAL_GUARD": 0.007149730209790607,
      "PROB": 0.0071917874463187864
    },
    "family_delta_intervention_precision": {
      "ABD": 0.0,
      "ANA": 0.0,
      "CAU": 0.0,
      "CTF": 0.0,
      "DED": 0.0,
      "FAL_GUARD": 0.0,
      "PROB": 0.0
    },
    "family_delta_viability_margin": {
      "ABD": 0.12793545150501673,
      "ANA": 0.12793545150501673,
      "CAU": 0.12793545150501673,
      "CTF": 0.12793545150501673,
      "DED": 0.12793545150501673,
      "FAL_GUARD": 0.1271872909698997,
      "PROB": 0.12793545150501673
    },
    "family_delta_reasoning_trace_length": {
      "ABD": 1.0,
      "ANA": 1.0,
      "CAU": 1.0,
      "CTF": 1.0,
      "DED": 1.0,
      "FAL_GUARD": 1.0,
      "PROB": 1.0
    },
    "family_delta_success_rate": {
      "ABD": 0.14297658862876256,
      "ANA": 0.14297658862876256,
      "CAU": 0.14297658862876256,
      "CTF": 0.14297658862876256,
      "DED": 0.14297658862876256,
      "FAL_GUARD": 0.14214046822742477,
      "PROB": 0.14297658862876256
    },
    "family_delta_spatial_information_usage": {
      "ABD": 0.047658862876254184,
      "ANA": 0.047658862876254184,
      "CAU": 0.047658862876254184,
      "CTF": 0.047658862876254184,
      "DED": 0.047658862876254184,
      "FAL_GUARD": 0.047380156075808255,
      "PROB": 0.047658862876254184
    }
  },
  "proxy_mapping": {
    "closure_rate": "success_rate",
    "continuity_mean": "viability_margin"
  },
  "msrc_metrics": {
    "scale_selection_accuracy": 1.0,
    "upgrade_regret": 0,
    "downgrade_regret": 0,
    "missed_upgrade_regret": 0,
    "keep_scale_rate": 0.0,
    "upgrade_rate": 1.0,
    "downgrade_rate": 0.0,
    "probe_rate": 0.0,
    "probe_commit_rate": 0.0,
    "oscillation_rate": 0.0,
    "probe_value_rate": 0.0,
    "mean_resolution_cost": 1.0,
    "resolution_efficiency": 0.05030045488770332,
    "cross_scale_memory_contamination_rate": 0.1111111111111111,
    "vram_headroom_mean": 0.996704,
    "vram_peak_ratio": 0.003296,
    "vram_recompute_avoided": 1,
    "vram_enabled_probe_success_rate": 0.0,
    "vram_efficiency_after_intelligence": 15.261060342142999,
    "selected_scale_distribution": {
      "1x1": 1
    },
    "regime_distribution": {
      "heterogeneous": 1
    },
    "regime_probe_rate": {
      "heterogeneous": 0.0
    }
  },
  "generated_at": "2026-04-21T17:51:15.194081+00:00"
}