{
  "run_id": "msrc-core-plus-heur-heterogeneous-warning-adaptive-msrc-aggressive",
  "policy_name": "adaptive_msrc_aggressive",
  "level": "heterogeneous_warning",
  "topology": "checkerboard",
  "total_episodes": 1,
  "successful": 0,
  "failed": 1,
  "errors": 0,
  "success_rate": 0.0,
  "avg_metrics": {
    "intervention_precision": -0.0454545454545455,
    "proposition_diversity": 2.321928094887362,
    "spatial_information_usage": 0.2,
    "wall_time_ms": 175.3415400000904,
    "artifact_size_bytes": 11216.0,
    "reasoning_trace_length": 6.0,
    "ivc_r": 0.0004071650833192295,
    "viability_margin": 0.8944,
    "family_mix_entropy": 2.584962500721156
  },
  "failure_distribution": {
    "certification_failed": 1
  },
  "collapse_count": 0,
  "optional_family_usage_rate": 1.0,
  "family_specific_activation_counts": {
    "ABD": 1,
    "ANA": 1,
    "CAU": 1,
    "CTF": 1,
    "DED": 0,
    "HEUR": 1,
    "PROB": 1
  },
  "family_impact_aggregates": {
    "family_contribution_proxy": {
      "ABD": 0.15833333333333335,
      "ANA": 0.15833333333333335,
      "CAU": 0.15833333333333335,
      "CTF": 0.15833333333333335,
      "HEUR": 0.20833333333333334,
      "PROB": 0.15833333333333335
    },
    "family_delta_ivc_r": {
      "ABD": 6.446780485887802e-05,
      "ANA": 6.446780485887802e-05,
      "CAU": 6.446780485887802e-05,
      "CTF": 6.446780485887802e-05,
      "HEUR": 8.482605902483949e-05,
      "PROB": 6.446780485887802e-05
    },
    "family_delta_intervention_precision": {
      "ABD": -0.007196969696969704,
      "ANA": -0.007196969696969704,
      "CAU": -0.007196969696969704,
      "CTF": -0.007196969696969704,
      "HEUR": -0.009469696969696979,
      "PROB": -0.007196969696969704
    },
    "family_delta_viability_margin": {
      "ABD": 0.14161333333333334,
      "ANA": 0.14161333333333334,
      "CAU": 0.14161333333333334,
      "CTF": 0.14161333333333334,
      "HEUR": 0.18633333333333332,
      "PROB": 0.14161333333333334
    },
    "family_delta_reasoning_trace_length": {
      "ABD": 1.0,
      "ANA": 1.0,
      "CAU": 1.0,
      "CTF": 1.0,
      "HEUR": 1.0,
      "PROB": 1.0
    },
    "family_delta_success_rate": {
      "ABD": 0.0,
      "ANA": 0.0,
      "CAU": 0.0,
      "CTF": 0.0,
      "HEUR": 0.0,
      "PROB": 0.0
    },
    "family_delta_spatial_information_usage": {
      "ABD": 0.03166666666666667,
      "ANA": 0.03166666666666667,
      "CAU": 0.03166666666666667,
      "CTF": 0.03166666666666667,
      "HEUR": 0.04166666666666667,
      "PROB": 0.03166666666666667
    }
  },
  "proxy_mapping": {
    "closure_rate": "success_rate",
    "continuity_mean": "viability_margin"
  },
  "msrc_metrics": {
    "scale_selection_accuracy": 1.0,
    "upgrade_regret": 0,
    "downgrade_regret": 0,
    "missed_upgrade_regret": 1,
    "keep_scale_rate": 1.0,
    "upgrade_rate": 0.0,
    "downgrade_rate": 0.0,
    "probe_rate": 0.0,
    "probe_commit_rate": 0.0,
    "oscillation_rate": 0.0,
    "probe_value_rate": 0.0,
    "mean_resolution_cost": 1.0,
    "resolution_efficiency": 0.0004071650833192295,
    "cross_scale_memory_contamination_rate": 0.1111111111111111,
    "vram_headroom_mean": 0.996704,
    "vram_peak_ratio": 0.003296,
    "vram_recompute_avoided": 0,
    "vram_enabled_probe_success_rate": 0.0,
    "vram_efficiency_after_intelligence": 0.12353309566724197,
    "selected_scale_distribution": {
      "1x1": 1
    },
    "regime_distribution": {},
    "regime_probe_rate": {}
  },
  "generated_at": "2026-04-21T17:39:15.768994+00:00"
}