{
  "run_id": "msrc-core-plus-heur-viability-edge-adaptive-msrc",
  "policy_name": "adaptive_msrc",
  "level": "viability_edge",
  "topology": "hotspot_center",
  "total_episodes": 1,
  "successful": 1,
  "failed": 0,
  "errors": 0,
  "success_rate": 1.0,
  "avg_metrics": {
    "intervention_precision": 0.0,
    "proposition_diversity": 2.584962500721156,
    "spatial_information_usage": 0.3333333333333333,
    "wall_time_ms": 229.8380300003373,
    "artifact_size_bytes": 11862.0,
    "reasoning_trace_length": 7.0,
    "ivc_r": 0.050434307488875,
    "viability_margin": 0.8948,
    "family_mix_entropy": 2.807354922057604
  },
  "failure_distribution": {},
  "collapse_count": 0,
  "optional_family_usage_rate": 1.0,
  "family_specific_activation_counts": {
    "ABD": 1,
    "ANA": 1,
    "CAU": 1,
    "CTF": 1,
    "DED": 1,
    "HEUR": 1,
    "PROB": 1
  },
  "family_impact_aggregates": {
    "family_contribution_proxy": {
      "ABD": 0.1366906474820144,
      "ANA": 0.1366906474820144,
      "CAU": 0.1366906474820144,
      "CTF": 0.1366906474820144,
      "DED": 0.1366906474820144,
      "HEUR": 0.1798561151079137,
      "PROB": 0.1366906474820144
    },
    "family_delta_ivc_r": {
      "ABD": 0.006893898145961331,
      "ANA": 0.006893898145961331,
      "CAU": 0.006893898145961331,
      "CTF": 0.006893898145961331,
      "DED": 0.006893898145961331,
      "HEUR": 0.009070918613107016,
      "PROB": 0.006893898145961331
    },
    "family_delta_intervention_precision": {
      "ABD": 0.0,
      "ANA": 0.0,
      "CAU": 0.0,
      "CTF": 0.0,
      "DED": 0.0,
      "HEUR": 0.0,
      "PROB": 0.0
    },
    "family_delta_viability_margin": {
      "ABD": 0.1223107913669065,
      "ANA": 0.1223107913669065,
      "CAU": 0.1223107913669065,
      "CTF": 0.1223107913669065,
      "DED": 0.1223107913669065,
      "HEUR": 0.16093525179856116,
      "PROB": 0.1223107913669065
    },
    "family_delta_reasoning_trace_length": {
      "ABD": 1.0,
      "ANA": 1.0,
      "CAU": 1.0,
      "CTF": 1.0,
      "DED": 1.0,
      "HEUR": 1.0,
      "PROB": 1.0
    },
    "family_delta_success_rate": {
      "ABD": 0.1366906474820144,
      "ANA": 0.1366906474820144,
      "CAU": 0.1366906474820144,
      "CTF": 0.1366906474820144,
      "DED": 0.1366906474820144,
      "HEUR": 0.1798561151079137,
      "PROB": 0.1366906474820144
    },
    "family_delta_spatial_information_usage": {
      "ABD": 0.045563549160671464,
      "ANA": 0.045563549160671464,
      "CAU": 0.045563549160671464,
      "CTF": 0.045563549160671464,
      "DED": 0.045563549160671464,
      "HEUR": 0.05995203836930456,
      "PROB": 0.045563549160671464
    }
  },
  "proxy_mapping": {
    "closure_rate": "success_rate",
    "continuity_mean": "viability_margin"
  },
  "msrc_metrics": {
    "scale_selection_accuracy": 1.0,
    "upgrade_regret": 0,
    "downgrade_regret": 0,
    "missed_upgrade_regret": 1,
    "keep_scale_rate": 1.0,
    "upgrade_rate": 0.0,
    "downgrade_rate": 0.0,
    "probe_rate": 0.0,
    "probe_commit_rate": 0.0,
    "oscillation_rate": 0.0,
    "probe_value_rate": 0.0,
    "mean_resolution_cost": 1.0,
    "resolution_efficiency": 0.050434307488875,
    "cross_scale_memory_contamination_rate": 0.1111111111111111,
    "vram_headroom_mean": 0.996704,
    "vram_peak_ratio": 0.003296,
    "vram_recompute_avoided": 0,
    "vram_enabled_probe_success_rate": 0.0,
    "vram_efficiency_after_intelligence": 15.301670961430522,
    "selected_scale_distribution": {
      "1x1": 1
    },
    "regime_distribution": {},
    "regime_probe_rate": {}
  },
  "generated_at": "2026-04-21T17:51:01.696823+00:00"
}