{
  "scenario": "homogeneous_safe__adaptive_family_ecology",
  "reasoning_mode": "adaptive",
  "family_profile": "adaptive_family_ecology",
  "regime_label": "homogeneous_safe",
  "total_episodes": 8,
  "successful": 8,
  "failed": 0,
  "errors": 0,
  "success_rate": 1.0,
  "avg_metrics": {
    "intervention_precision": -0.06451612903225812,
    "proposition_diversity": 2.321928094887362,
    "spatial_information_usage": 0.7999999999999999,
    "wall_time_ms": 212.66160274996082,
    "artifact_size_bytes": 50157.125,
    "reasoning_trace_length": 6.0,
    "ivc_r": 0.0509559066064656,
    "family_mix_entropy": 2.584962500721156,
    "viability_margin": 0.9418999999999998
  },
  "failure_distribution": {
    "total_episodes": 8,
    "total_failures": 0,
    "failure_rate": 0.0,
    "failure_distribution": {},
    "secondary_causes": {}
  },
  "optional_family_usage_rate": 0.0,
  "family_specific_activation_counts": {
    "ABD": 8,
    "ANA": 8,
    "CAU": 8,
    "CTF": 8,
    "DED": 8,
    "DIA_ADV": 0,
    "EML_SR": 0,
    "FAL_GUARD": 0,
    "HEUR": 0,
    "PROB": 8
  },
  "family_impact_aggregates": {
    "family_contribution_proxy": {
      "ABD": 0.1666666666666667,
      "ANA": 0.1666666666666667,
      "CAU": 0.1666666666666667,
      "CTF": 0.1666666666666667,
      "DED": 0.1666666666666667,
      "PROB": 0.1666666666666667
    },
    "family_delta_ivc_r": {
      "ABD": 0.0084926511010776,
      "ANA": 0.0084926511010776,
      "CAU": 0.0084926511010776,
      "CTF": 0.0084926511010776,
      "DED": 0.0084926511010776,
      "PROB": 0.0084926511010776
    },
    "family_delta_intervention_precision": {
      "ABD": -0.010752688172043019,
      "ANA": -0.010752688172043019,
      "CAU": -0.010752688172043019,
      "CTF": -0.010752688172043019,
      "DED": -0.010752688172043019,
      "PROB": -0.010752688172043019
    },
    "family_delta_viability_margin": {
      "ABD": 0.15698333333333336,
      "ANA": 0.15698333333333336,
      "CAU": 0.15698333333333336,
      "CTF": 0.15698333333333336,
      "DED": 0.15698333333333336,
      "PROB": 0.15698333333333336
    },
    "family_delta_reasoning_trace_length": {
      "ABD": 1.0,
      "ANA": 1.0,
      "CAU": 1.0,
      "CTF": 1.0,
      "DED": 1.0,
      "PROB": 1.0
    },
    "family_delta_success_rate": {
      "ABD": 0.1666666666666667,
      "ANA": 0.1666666666666667,
      "CAU": 0.1666666666666667,
      "CTF": 0.1666666666666667,
      "DED": 0.1666666666666667,
      "PROB": 0.1666666666666667
    },
    "family_delta_spatial_information_usage": {
      "ABD": 0.13333333333333333,
      "ANA": 0.13333333333333333,
      "CAU": 0.13333333333333333,
      "CTF": 0.13333333333333333,
      "DED": 0.13333333333333333,
      "PROB": 0.13333333333333333
    }
  }
}