{
  "run_id": "msrc-core-plus-heur-homogeneous-safe-adaptive-msrc-regime-v3",
  "policy_name": "adaptive_msrc_regime_v3",
  "level": "homogeneous_safe",
  "topology": "uniform",
  "total_episodes": 1,
  "successful": 1,
  "failed": 0,
  "errors": 0,
  "success_rate": 1.0,
  "avg_metrics": {
    "intervention_precision": -0.06451612903225812,
    "proposition_diversity": 2.321928094887362,
    "spatial_information_usage": 0.2,
    "wall_time_ms": 237.73715700008324,
    "artifact_size_bytes": 11836.0,
    "reasoning_trace_length": 7.0,
    "ivc_r": 0.05026893829199265,
    "viability_margin": 0.9344,
    "family_mix_entropy": 2.807354922057604
  },
  "failure_distribution": {},
  "collapse_count": 0,
  "optional_family_usage_rate": 1.0,
  "family_specific_activation_counts": {
    "ABD": 1,
    "ANA": 1,
    "CAU": 1,
    "CTF": 1,
    "DED": 1,
    "HEUR": 1,
    "PROB": 1
  },
  "family_impact_aggregates": {
    "family_contribution_proxy": {
      "ABD": 0.13793103448275862,
      "ANA": 0.13793103448275862,
      "CAU": 0.13793103448275862,
      "CTF": 0.13793103448275862,
      "DED": 0.13793103448275862,
      "HEUR": 0.1724137931034483,
      "PROB": 0.13793103448275862
    },
    "family_delta_ivc_r": {
      "ABD": 0.0069336466609645035,
      "ANA": 0.0069336466609645035,
      "CAU": 0.0069336466609645035,
      "CTF": 0.0069336466609645035,
      "DED": 0.0069336466609645035,
      "HEUR": 0.00866705832620563,
      "PROB": 0.0069336466609645035
    },
    "family_delta_intervention_precision": {
      "ABD": -0.008898776418242499,
      "ANA": -0.008898776418242499,
      "CAU": -0.008898776418242499,
      "CTF": -0.008898776418242499,
      "DED": -0.008898776418242499,
      "HEUR": -0.011123470522803125,
      "PROB": -0.008898776418242499
    },
    "family_delta_viability_margin": {
      "ABD": 0.12888275862068965,
      "ANA": 0.12888275862068965,
      "CAU": 0.12888275862068965,
      "CTF": 0.12888275862068965,
      "DED": 0.12888275862068965,
      "HEUR": 0.1611034482758621,
      "PROB": 0.12888275862068965
    },
    "family_delta_reasoning_trace_length": {
      "ABD": 1.0,
      "ANA": 1.0,
      "CAU": 1.0,
      "CTF": 1.0,
      "DED": 1.0,
      "HEUR": 1.0,
      "PROB": 1.0
    },
    "family_delta_success_rate": {
      "ABD": 0.13793103448275862,
      "ANA": 0.13793103448275862,
      "CAU": 0.13793103448275862,
      "CTF": 0.13793103448275862,
      "DED": 0.13793103448275862,
      "HEUR": 0.1724137931034483,
      "PROB": 0.13793103448275862
    },
    "family_delta_spatial_information_usage": {
      "ABD": 0.027586206896551724,
      "ANA": 0.027586206896551724,
      "CAU": 0.027586206896551724,
      "CTF": 0.027586206896551724,
      "DED": 0.027586206896551724,
      "HEUR": 0.03448275862068966,
      "PROB": 0.027586206896551724
    }
  },
  "proxy_mapping": {
    "closure_rate": "success_rate",
    "continuity_mean": "viability_margin"
  },
  "msrc_metrics": {
    "scale_selection_accuracy": 1.0,
    "upgrade_regret": 0,
    "downgrade_regret": 0,
    "missed_upgrade_regret": 0,
    "keep_scale_rate": 1.0,
    "upgrade_rate": 0.0,
    "downgrade_rate": 0.0,
    "probe_rate": 0.0,
    "probe_commit_rate": 0.0,
    "oscillation_rate": 0.0,
    "probe_value_rate": 0.0,
    "mean_resolution_cost": 1.0,
    "resolution_efficiency": 0.05026893829199265,
    "cross_scale_memory_contamination_rate": 0.1111111111111111,
    "vram_headroom_mean": 0.996704,
    "vram_peak_ratio": 0.003296,
    "vram_recompute_avoided": 0,
    "vram_enabled_probe_success_rate": 0.0,
    "vram_efficiency_after_intelligence": 15.251498268201654,
    "selected_scale_distribution": {
      "1x1": 1
    },
    "regime_distribution": {
      "homogeneous": 1
    },
    "regime_probe_rate": {
      "homogeneous": 0.0
    }
  },
  "generated_at": "2026-04-21T17:50:58.429064+00:00"
}