{
  "scenario": "homogeneous_safe__core_plus_heur",
  "reasoning_mode": "fixed",
  "family_profile": "core_plus_heur",
  "regime_label": "homogeneous_safe",
  "total_episodes": 8,
  "successful": 8,
  "failed": 0,
  "errors": 0,
  "success_rate": 1.0,
  "avg_metrics": {
    "intervention_precision": -0.06451612903225812,
    "proposition_diversity": 2.321928094887362,
    "spatial_information_usage": 0.7999999999999999,
    "wall_time_ms": 312.7629405000789,
    "artifact_size_bytes": 50935.375,
    "reasoning_trace_length": 7.0,
    "ivc_r": 0.049029734541372945,
    "family_mix_entropy": 2.8073549220576046,
    "viability_margin": 0.9418999999999998
  },
  "failure_distribution": {
    "total_episodes": 8,
    "total_failures": 0,
    "failure_rate": 0.0,
    "failure_distribution": {},
    "secondary_causes": {}
  },
  "optional_family_usage_rate": 1.0,
  "family_specific_activation_counts": {
    "ABD": 8,
    "ANA": 8,
    "CAU": 8,
    "CTF": 8,
    "DED": 8,
    "HEUR": 8,
    "PROB": 8
  },
  "family_impact_aggregates": {
    "family_contribution_proxy": {
      "ABD": 0.13793103448275865,
      "ANA": 0.13793103448275865,
      "CAU": 0.13793103448275865,
      "CTF": 0.13793103448275865,
      "DED": 0.13793103448275865,
      "HEUR": 0.1724137931034483,
      "PROB": 0.13793103448275865
    },
    "family_delta_ivc_r": {
      "ABD": 0.006762722005706614,
      "ANA": 0.006762722005706614,
      "CAU": 0.006762722005706614,
      "CTF": 0.006762722005706614,
      "DED": 0.006762722005706614,
      "HEUR": 0.008453402507133268,
      "PROB": 0.006762722005706614
    },
    "family_delta_intervention_precision": {
      "ABD": -0.008898776418242499,
      "ANA": -0.008898776418242499,
      "CAU": -0.008898776418242499,
      "CTF": -0.008898776418242499,
      "DED": -0.008898776418242499,
      "HEUR": -0.011123470522803127,
      "PROB": -0.008898776418242499
    },
    "family_delta_viability_margin": {
      "ABD": 0.12991724137931032,
      "ANA": 0.12991724137931032,
      "CAU": 0.12991724137931032,
      "CTF": 0.12991724137931032,
      "DED": 0.12991724137931032,
      "HEUR": 0.16239655172413794,
      "PROB": 0.12991724137931032
    },
    "family_delta_reasoning_trace_length": {
      "ABD": 1.0,
      "ANA": 1.0,
      "CAU": 1.0,
      "CTF": 1.0,
      "DED": 1.0,
      "HEUR": 1.0,
      "PROB": 1.0
    },
    "family_delta_success_rate": {
      "ABD": 0.13793103448275865,
      "ANA": 0.13793103448275865,
      "CAU": 0.13793103448275865,
      "CTF": 0.13793103448275865,
      "DED": 0.13793103448275865,
      "HEUR": 0.1724137931034483,
      "PROB": 0.13793103448275865
    },
    "family_delta_spatial_information_usage": {
      "ABD": 0.1103448275862069,
      "ANA": 0.1103448275862069,
      "CAU": 0.1103448275862069,
      "CTF": 0.1103448275862069,
      "DED": 0.1103448275862069,
      "HEUR": 0.13793103448275865,
      "PROB": 0.1103448275862069
    }
  }
}