{
  "scenario": "homogeneous_safe__core_plus_guard",
  "reasoning_mode": "fixed",
  "family_profile": "core_plus_guard",
  "regime_label": "homogeneous_safe",
  "total_episodes": 8,
  "successful": 8,
  "failed": 0,
  "errors": 0,
  "success_rate": 1.0,
  "avg_metrics": {
    "intervention_precision": -0.06451612903225812,
    "proposition_diversity": 2.321928094887362,
    "spatial_information_usage": 0.7999999999999999,
    "wall_time_ms": 307.3759673749805,
    "artifact_size_bytes": 212046.125,
    "reasoning_trace_length": 7.0,
    "ivc_r": 0.04910314750010779,
    "family_mix_entropy": 2.8073549220576046,
    "viability_margin": 0.9413999999999999
  },
  "failure_distribution": {
    "total_episodes": 8,
    "total_failures": 0,
    "failure_rate": 0.0,
    "failure_distribution": {},
    "secondary_causes": {}
  },
  "optional_family_usage_rate": 1.0,
  "family_specific_activation_counts": {
    "ABD": 8,
    "ANA": 8,
    "CAU": 8,
    "CTF": 8,
    "DED": 8,
    "FAL_GUARD": 8,
    "PROB": 8
  },
  "family_impact_aggregates": {
    "family_contribution_proxy": {
      "ABD": 0.14400000000000002,
      "ANA": 0.14400000000000002,
      "CAU": 0.14400000000000002,
      "CTF": 0.14400000000000002,
      "DED": 0.14400000000000002,
      "FAL_GUARD": 0.136,
      "PROB": 0.14400000000000002
    },
    "family_delta_ivc_r": {
      "ABD": 0.007070853240015521,
      "ANA": 0.007070853240015521,
      "CAU": 0.007070853240015521,
      "CTF": 0.007070853240015521,
      "DED": 0.007070853240015521,
      "FAL_GUARD": 0.006678028060014659,
      "PROB": 0.007070853240015521
    },
    "family_delta_intervention_precision": {
      "ABD": -0.00929032258064517,
      "ANA": -0.00929032258064517,
      "CAU": -0.00929032258064517,
      "CTF": -0.00929032258064517,
      "DED": -0.00929032258064517,
      "FAL_GUARD": -0.008774193548387104,
      "PROB": -0.00929032258064517
    },
    "family_delta_viability_margin": {
      "ABD": 0.13556159999999998,
      "ANA": 0.13556159999999998,
      "CAU": 0.13556159999999998,
      "CTF": 0.13556159999999998,
      "DED": 0.13556159999999998,
      "FAL_GUARD": 0.12803040000000002,
      "PROB": 0.13556159999999998
    },
    "family_delta_reasoning_trace_length": {
      "ABD": 1.0,
      "ANA": 1.0,
      "CAU": 1.0,
      "CTF": 1.0,
      "DED": 1.0,
      "FAL_GUARD": 1.0,
      "PROB": 1.0
    },
    "family_delta_success_rate": {
      "ABD": 0.14400000000000002,
      "ANA": 0.14400000000000002,
      "CAU": 0.14400000000000002,
      "CTF": 0.14400000000000002,
      "DED": 0.14400000000000002,
      "FAL_GUARD": 0.136,
      "PROB": 0.14400000000000002
    },
    "family_delta_spatial_information_usage": {
      "ABD": 0.1152,
      "ANA": 0.1152,
      "CAU": 0.1152,
      "CTF": 0.1152,
      "DED": 0.1152,
      "FAL_GUARD": 0.10880000000000001,
      "PROB": 0.1152
    }
  }
}