{
  "run_id": "msrc-core-plus-heur-vram-favorable-adaptive-msrc-regime-v3",
  "policy_name": "adaptive_msrc_regime_v3",
  "level": "vram_favorable",
  "topology": "uniform",
  "total_episodes": 1,
  "successful": 0,
  "failed": 1,
  "errors": 0,
  "success_rate": 0.0,
  "avg_metrics": {
    "intervention_precision": -0.050000000000000044,
    "proposition_diversity": 2.321928094887362,
    "spatial_information_usage": 0.2,
    "wall_time_ms": 204.62917600002584,
    "artifact_size_bytes": 11345.0,
    "reasoning_trace_length": 6.0,
    "ivc_r": 0.0004053335106882571,
    "viability_margin": 0.9344,
    "family_mix_entropy": 2.584962500721156
  },
  "failure_distribution": {
    "certification_failed": 1
  },
  "collapse_count": 0,
  "optional_family_usage_rate": 1.0,
  "family_specific_activation_counts": {
    "ABD": 1,
    "ANA": 1,
    "CAU": 1,
    "CTF": 1,
    "DED": 0,
    "HEUR": 1,
    "PROB": 1
  },
  "family_impact_aggregates": {
    "family_contribution_proxy": {
      "ABD": 0.16,
      "ANA": 0.16,
      "CAU": 0.16,
      "CTF": 0.16,
      "HEUR": 0.2,
      "PROB": 0.16
    },
    "family_delta_ivc_r": {
      "ABD": 6.485336171012114e-05,
      "ANA": 6.485336171012114e-05,
      "CAU": 6.485336171012114e-05,
      "CTF": 6.485336171012114e-05,
      "HEUR": 8.106670213765143e-05,
      "PROB": 6.485336171012114e-05
    },
    "family_delta_intervention_precision": {
      "ABD": -0.008000000000000007,
      "ANA": -0.008000000000000007,
      "CAU": -0.008000000000000007,
      "CTF": -0.008000000000000007,
      "HEUR": -0.010000000000000009,
      "PROB": -0.008000000000000007
    },
    "family_delta_viability_margin": {
      "ABD": 0.149504,
      "ANA": 0.149504,
      "CAU": 0.149504,
      "CTF": 0.149504,
      "HEUR": 0.18688000000000002,
      "PROB": 0.149504
    },
    "family_delta_reasoning_trace_length": {
      "ABD": 1.0,
      "ANA": 1.0,
      "CAU": 1.0,
      "CTF": 1.0,
      "HEUR": 1.0,
      "PROB": 1.0
    },
    "family_delta_success_rate": {
      "ABD": 0.0,
      "ANA": 0.0,
      "CAU": 0.0,
      "CTF": 0.0,
      "HEUR": 0.0,
      "PROB": 0.0
    },
    "family_delta_spatial_information_usage": {
      "ABD": 0.032,
      "ANA": 0.032,
      "CAU": 0.032,
      "CTF": 0.032,
      "HEUR": 0.04000000000000001,
      "PROB": 0.032
    }
  },
  "proxy_mapping": {
    "closure_rate": "success_rate",
    "continuity_mean": "viability_margin"
  },
  "msrc_metrics": {
    "scale_selection_accuracy": 1.0,
    "upgrade_regret": 0,
    "downgrade_regret": 0,
    "missed_upgrade_regret": 0,
    "keep_scale_rate": 1.0,
    "upgrade_rate": 0.0,
    "downgrade_rate": 0.0,
    "probe_rate": 0.0,
    "probe_commit_rate": 0.0,
    "oscillation_rate": 0.0,
    "probe_value_rate": 0.0,
    "mean_resolution_cost": 1.0,
    "resolution_efficiency": 0.0004053335106882571,
    "cross_scale_memory_contamination_rate": 0.1111111111111111,
    "vram_headroom_mean": 0.996704,
    "vram_peak_ratio": 0.003296,
    "vram_recompute_avoided": 0,
    "vram_enabled_probe_success_rate": 0.0,
    "vram_efficiency_after_intelligence": 0.12297740008745665,
    "selected_scale_distribution": {
      "1x1": 1
    },
    "regime_distribution": {
      "homogeneous": 1
    },
    "regime_probe_rate": {
      "homogeneous": 0.0
    }
  },
  "generated_at": "2026-04-21T17:39:18.170665+00:00"
}