{
  "scenario": "vram_favorable__core_plus_guard",
  "reasoning_mode": "fixed",
  "family_profile": "core_plus_guard",
  "regime_label": "vram_favorable",
  "total_episodes": 8,
  "successful": 8,
  "failed": 0,
  "errors": 0,
  "success_rate": 1.0,
  "avg_metrics": {
    "intervention_precision": -0.0020000000000001956,
    "proposition_diversity": 2.0,
    "spatial_information_usage": 0.75,
    "wall_time_ms": 340.88676924994843,
    "artifact_size_bytes": 478795.75,
    "reasoning_trace_length": 7.0,
    "ivc_r": 0.047877545034406783,
    "family_mix_entropy": 2.8073549220576046,
    "viability_margin": 0.9413999999999999
  },
  "failure_distribution": {
    "total_episodes": 8,
    "total_failures": 0,
    "failure_rate": 0.0,
    "failure_distribution": {},
    "secondary_causes": {
      "tight_threshold": 8
    }
  },
  "optional_family_usage_rate": 1.0,
  "family_specific_activation_counts": {
    "ABD": 8,
    "ANA": 8,
    "CAU": 8,
    "CTF": 8,
    "DED": 8,
    "FAL_GUARD": 8,
    "PROB": 8
  },
  "family_impact_aggregates": {
    "family_contribution_proxy": {
      "ABD": 0.14400000000000002,
      "ANA": 0.14400000000000002,
      "CAU": 0.14400000000000002,
      "CTF": 0.14400000000000002,
      "DED": 0.14400000000000002,
      "FAL_GUARD": 0.136,
      "PROB": 0.14400000000000002
    },
    "family_delta_ivc_r": {
      "ABD": 0.006894366484954578,
      "ANA": 0.006894366484954578,
      "CAU": 0.006894366484954578,
      "CTF": 0.006894366484954578,
      "DED": 0.006894366484954578,
      "FAL_GUARD": 0.006511346124679323,
      "PROB": 0.006894366484954578
    },
    "family_delta_intervention_precision": {
      "ABD": -0.0002880000000000282,
      "ANA": -0.0002880000000000282,
      "CAU": -0.0002880000000000282,
      "CTF": -0.0002880000000000282,
      "DED": -0.0002880000000000282,
      "FAL_GUARD": -0.00027200000000002656,
      "PROB": -0.0002880000000000282
    },
    "family_delta_viability_margin": {
      "ABD": 0.13556159999999998,
      "ANA": 0.13556159999999998,
      "CAU": 0.13556159999999998,
      "CTF": 0.13556159999999998,
      "DED": 0.13556159999999998,
      "FAL_GUARD": 0.12803040000000002,
      "PROB": 0.13556159999999998
    },
    "family_delta_reasoning_trace_length": {
      "ABD": 1.0,
      "ANA": 1.0,
      "CAU": 1.0,
      "CTF": 1.0,
      "DED": 1.0,
      "FAL_GUARD": 1.0,
      "PROB": 1.0
    },
    "family_delta_success_rate": {
      "ABD": 0.14400000000000002,
      "ANA": 0.14400000000000002,
      "CAU": 0.14400000000000002,
      "CTF": 0.14400000000000002,
      "DED": 0.14400000000000002,
      "FAL_GUARD": 0.136,
      "PROB": 0.14400000000000002
    },
    "family_delta_spatial_information_usage": {
      "ABD": 0.108,
      "ANA": 0.108,
      "CAU": 0.108,
      "CTF": 0.108,
      "DED": 0.108,
      "FAL_GUARD": 0.102,
      "PROB": 0.108
    }
  }
}