{
  "scenario": "aeon_graded_deep_v1_prompt1__sensitivity_10__homogeneous_safe__adaptive_family_ecology__block_05",
  "reasoning_mode": "adaptive",
  "family_profile": "adaptive_family_ecology",
  "regime_label": "homogeneous_safe",
  "total_episodes": 8,
  "successful": 8,
  "failed": 0,
  "errors": 0,
  "success_rate": 1.0,
  "avg_metrics": {
    "intervention_precision": -0.06451612903225812,
    "proposition_diversity": 2.321928094887362,
    "spatial_information_usage": 0.8,
    "wall_time_ms": 683.433752874862,
    "artifact_size_bytes": 94996.125,
    "reasoning_trace_length": 9.0,
    "ivc_r": 0.04535955664875305,
    "family_mix_entropy": 3.169925001442312,
    "viability_margin": 0.94315
  },
  "failure_distribution": {
    "total_episodes": 8,
    "total_failures": 0,
    "failure_rate": 0.0,
    "failure_distribution": {},
    "secondary_causes": {}
  },
  "optional_family_usage_rate": 1.0,
  "backbone_floor_satisfied_rate": 1.0,
  "sequence_validation_fail_rate": 0.0,
  "fallback_to_safe_sequence_rate": 0.0,
  "optional_displacement_rate": 0.0,
  "closure_break_rate": 0.0,
  "family_specific_activation_counts": {
    "ABD": 8,
    "ANA": 8,
    "CAU": 8,
    "CTF": 8,
    "DED": 8,
    "DIA_ADV": 8,
    "EML_SR": 0,
    "FAL_GUARD": 8,
    "HEUR": 8,
    "PROB": 8
  },
  "family_impact_aggregates": {
    "family_contribution_proxy": {
      "ABD": 0.15381270232346642,
      "ANA": 0.07815664682607801,
      "CAU": 0.06673002269998542,
      "CTF": 0.13012354426497155,
      "DED": 0.15848380391246536,
      "DIA_ADV": 0.051564108449988724,
      "FAL_GUARD": 0.06460735184172153,
      "HEUR": 0.17976296628477478,
      "PROB": 0.11675885339654814
    },
    "family_delta_ivc_r": {
      "ABD": 0.006978801909470916,
      "ANA": 0.0035424979302977966,
      "CAU": 0.0030276797871891174,
      "CTF": 0.0059039755850187805,
      "DED": 0.007190739494574153,
      "DIA_ADV": 0.0023395707446461364,
      "FAL_GUARD": 0.002920777817645213,
      "HEUR": 0.008157354162269474,
      "PROB": 0.005298159217641464
    },
    "family_delta_intervention_precision": {
      "ABD": -0.009923400149901066,
      "ANA": -0.005042364311359876,
      "CAU": -0.0043051627548377725,
      "CTF": -0.008395067371933657,
      "DED": -0.01022476154273971,
      "DIA_ADV": -0.0033267166741928244,
      "FAL_GUARD": -0.004168216247853006,
      "HEUR": -0.011597610728049998,
      "PROB": -0.00753282925139021
    },
    "family_delta_viability_margin": {
      "ABD": 0.14508292155377644,
      "ANA": 0.0736935074821704,
      "CAU": 0.06294269915565137,
      "CTF": 0.12273826335352019,
      "DED": 0.14948891049467197,
      "DIA_ADV": 0.04863754025663969,
      "FAL_GUARD": 0.0608609145148921,
      "HEUR": 0.1695688817969529,
      "PROB": 0.11013636139172489
    },
    "family_delta_reasoning_trace_length": {
      "ABD": 1.0,
      "ANA": 1.0,
      "CAU": 1.0,
      "CTF": 1.0,
      "DED": 1.0,
      "DIA_ADV": 1.0,
      "FAL_GUARD": 1.0,
      "HEUR": 1.0,
      "PROB": 1.0
    },
    "family_delta_success_rate": {
      "ABD": 0.15381270232346642,
      "ANA": 0.07815664682607801,
      "CAU": 0.06673002269998542,
      "CTF": 0.13012354426497155,
      "DED": 0.15848380391246536,
      "DIA_ADV": 0.051564108449988724,
      "FAL_GUARD": 0.06460735184172153,
      "HEUR": 0.17976296628477478,
      "PROB": 0.11675885339654814
    },
    "family_delta_spatial_information_usage": {
      "ABD": 0.12305016185877314,
      "ANA": 0.0625253174608624,
      "CAU": 0.05338401815998833,
      "CTF": 0.10409883541197729,
      "DED": 0.12678704312997227,
      "DIA_ADV": 0.041251286759990985,
      "FAL_GUARD": 0.05168588147337722,
      "HEUR": 0.14381037302781982,
      "PROB": 0.09340708271723855
    }
  }
}