{
  "scenario": "diag_viability_edge_adaptive_family_ecology",
  "reasoning_mode": "adaptive",
  "family_profile": "adaptive_family_ecology",
  "regime_label": "viability_edge",
  "total_episodes": 2,
  "successful": 0,
  "failed": 2,
  "errors": 0,
  "success_rate": 0.0,
  "avg_metrics": {
    "intervention_precision": 0.0,
    "proposition_diversity": 0.0,
    "spatial_information_usage": 0.0,
    "wall_time_ms": 0.0,
    "artifact_size_bytes": 0.0,
    "reasoning_trace_length": 0.0,
    "ivc_r": 0.0,
    "family_mix_entropy": 0.0,
    "viability_margin": 0.0
  },
  "failure_distribution": {
    "total_episodes": 2,
    "total_failures": 2,
    "failure_rate": 1.0,
    "failure_distribution": {
      "certification_failed": 2
    },
    "secondary_causes": {
      "weak_cooling": 2,
      "spatial_complexity": 2
    }
  },
  "optional_family_usage_rate": 1.0,
  "family_specific_activation_counts": {
    "ABD": 2,
    "ANA": 2,
    "CAU": 2,
    "CTF": 0,
    "DED": 0,
    "DIA_ADV": 2,
    "EML_SR": 0,
    "FAL_GUARD": 2,
    "HEUR": 0,
    "PROB": 2
  },
  "family_impact_aggregates": {
    "family_contribution_proxy": {
      "ABD": 0.17581082344144316,
      "ANA": 0.17581082344144316,
      "CAU": 0.17581082344144316,
      "DIA_ADV": 0.12197401626320219,
      "FAL_GUARD": 0.17478268997102536,
      "PROB": 0.17581082344144316
    },
    "family_delta_ivc_r": {
      "ABD": 0.0006045509671156197,
      "ANA": 0.0006045509671156197,
      "CAU": 0.0006045509671156197,
      "DIA_ADV": 0.00041942531211370745,
      "FAL_GUARD": 0.0006010155813430138,
      "PROB": 0.0006045509671156197
    },
    "family_delta_intervention_precision": {
      "ABD": 0.007106458547527747,
      "ANA": 0.007106458547527747,
      "CAU": 0.007106458547527747,
      "DIA_ADV": 0.00493031813105992,
      "FAL_GUARD": 0.007064900310407701,
      "PROB": 0.007106458547527747
    },
    "family_delta_viability_margin": {
      "ABD": 0.15731552481540334,
      "ANA": 0.15731552481540334,
      "CAU": 0.15731552481540334,
      "DIA_ADV": 0.10914234975231332,
      "FAL_GUARD": 0.1563955509860735,
      "PROB": 0.15731552481540334
    },
    "family_delta_reasoning_trace_length": {
      "ABD": 1.0,
      "ANA": 1.0,
      "CAU": 1.0,
      "DIA_ADV": 1.0,
      "FAL_GUARD": 1.0,
      "PROB": 1.0
    },
    "family_delta_success_rate": {
      "ABD": 0.0,
      "ANA": 0.0,
      "CAU": 0.0,
      "DIA_ADV": 0.0,
      "FAL_GUARD": 0.0,
      "PROB": 0.0
    },
    "family_delta_spatial_information_usage": {
      "ABD": 0.146509019534536,
      "ANA": 0.146509019534536,
      "CAU": 0.146509019534536,
      "DIA_ADV": 0.10164501355266849,
      "FAL_GUARD": 0.14565224164252114,
      "PROB": 0.146509019534536
    }
  }
}