{
  "scenario": "aeon_graded_deep_v1_prompt1__sensitivity_10__heterogeneous_warning__core_plus_dialectic__block_01",
  "reasoning_mode": "fixed",
  "family_profile": "core_plus_dialectic",
  "regime_label": "heterogeneous_warning",
  "total_episodes": 8,
  "successful": 8,
  "failed": 0,
  "errors": 0,
  "success_rate": 1.0,
  "avg_metrics": {
    "intervention_precision": 0.067095588235294,
    "proposition_diversity": 3.169925001442312,
    "spatial_information_usage": 0.8888888888888888,
    "wall_time_ms": 611.4932177497394,
    "artifact_size_bytes": 138030.875,
    "reasoning_trace_length": 7.0,
    "ivc_r": 0.43465713056977107,
    "family_mix_entropy": 2.807354922057604,
    "viability_margin": 0.9024000000000001
  },
  "failure_distribution": {
    "total_episodes": 8,
    "total_failures": 0,
    "failure_rate": 0.0,
    "failure_distribution": {},
    "secondary_causes": {
      "spatial_complexity": 8
    }
  },
  "optional_family_usage_rate": 1.0,
  "backbone_floor_satisfied_rate": 1.0,
  "sequence_validation_fail_rate": 0.0,
  "fallback_to_safe_sequence_rate": 0.0,
  "optional_displacement_rate": 0.0,
  "closure_break_rate": 0.0,
  "family_specific_activation_counts": {
    "ABD": 8,
    "ANA": 8,
    "CAU": 8,
    "CTF": 8,
    "DED": 8,
    "DIA_ADV": 8,
    "PROB": 8
  },
  "family_impact_aggregates": {
    "family_contribution_proxy": {
      "ABD": 0.1706611741103542,
      "ANA": 0.08161095064387283,
      "CAU": 0.15445566172395667,
      "CTF": 0.17378938300443397,
      "DED": 0.16509991385421227,
      "DIA_ADV": 0.11849276113938678,
      "PROB": 0.13589015552378322
    },
    "family_delta_ivc_r": {
      "ABD": 0.0741778762051329,
      "ANA": 0.03548067791005799,
      "CAU": 0.0671341505428353,
      "CTF": 0.07553755214371986,
      "DED": 0.07176067453653386,
      "DIA_ADV": 0.05150287646162718,
      "PROB": 0.05906332276986398
    },
    "family_delta_intervention_precision": {
      "ABD": 0.01145061186586014,
      "ANA": 0.005475734739892194,
      "CAU": 0.010363293479640458,
      "CTF": 0.011660500881731302,
      "DED": 0.011077475837644736,
      "DIA_ADV": 0.007950341510271342,
      "PROB": 0.009117629920253823
    },
    "family_delta_viability_margin": {
      "ABD": 0.15400832914037557,
      "ANA": 0.07362186783003974,
      "CAU": 0.1393841247863208,
      "CTF": 0.1568312924036411,
      "DED": 0.14898972778345906,
      "DIA_ADV": 0.10693042663884622,
      "PROB": 0.12263423141731754
    },
    "family_delta_reasoning_trace_length": {
      "ABD": 1.0,
      "ANA": 1.0,
      "CAU": 1.0,
      "CTF": 1.0,
      "DED": 1.0,
      "DIA_ADV": 1.0,
      "PROB": 1.0
    },
    "family_delta_success_rate": {
      "ABD": 0.1706611741103542,
      "ANA": 0.08161095064387283,
      "CAU": 0.15445566172395667,
      "CTF": 0.17378938300443397,
      "DED": 0.16509991385421227,
      "DIA_ADV": 0.11849276113938678,
      "PROB": 0.13589015552378322
    },
    "family_delta_spatial_information_usage": {
      "ABD": 0.15169882143142593,
      "ANA": 0.07254306723899809,
      "CAU": 0.13729392153240597,
      "CTF": 0.15447945155949683,
      "DED": 0.146755478981522,
      "DIA_ADV": 0.10532689879056603,
      "PROB": 0.12079124935447398
    }
  }
}