{
  "scenario": "viability_edge__core_plus_dialectic",
  "reasoning_mode": "fixed",
  "family_profile": "core_plus_dialectic",
  "regime_label": "viability_edge",
  "total_episodes": 1,
  "successful": 1,
  "failed": 0,
  "errors": 0,
  "success_rate": 1.0,
  "avg_metrics": {
    "intervention_precision": 0.0404210526315786,
    "proposition_diversity": 2.584962500721156,
    "spatial_information_usage": 0.8333333333333334,
    "wall_time_ms": 684.4295210003111,
    "artifact_size_bytes": 967610.0,
    "reasoning_trace_length": 7.0,
    "ivc_r": 0.3780011135266584,
    "family_mix_entropy": 2.807354922057604,
    "viability_margin": 0.9017
  },
  "failure_distribution": {
    "total_episodes": 1,
    "total_failures": 0,
    "failure_rate": 0.0,
    "failure_distribution": {},
    "secondary_causes": {
      "weak_cooling": 1,
      "spatial_complexity": 1
    }
  },
  "optional_family_usage_rate": 1.0,
  "backbone_floor_satisfied_rate": 1.0,
  "sequence_validation_fail_rate": 0.0,
  "fallback_to_safe_sequence_rate": 0.0,
  "optional_displacement_rate": 0.0,
  "closure_break_rate": 0.0,
  "family_specific_activation_counts": {
    "ABD": 1,
    "ANA": 1,
    "CAU": 1,
    "CTF": 1,
    "DED": 1,
    "DIA_ADV": 1,
    "PROB": 1
  },
  "family_impact_aggregates": {
    "family_contribution_proxy": {
      "ABD": 0.1493924231593996,
      "ANA": 0.1493924231593996,
      "CAU": 0.1493924231593996,
      "CTF": 0.1493924231593996,
      "DED": 0.1493924231593996,
      "DIA_ADV": 0.10364546104360259,
      "PROB": 0.1493924231593996
    },
    "family_delta_ivc_r": {
      "ABD": 0.0564705023066988,
      "ANA": 0.0564705023066988,
      "CAU": 0.0564705023066988,
      "CTF": 0.0564705023066988,
      "DED": 0.0564705023066988,
      "DIA_ADV": 0.03917809968646567,
      "PROB": 0.0564705023066988
    },
    "family_delta_intervention_precision": {
      "ABD": 0.006038598999285153,
      "ANA": 0.006038598999285153,
      "CAU": 0.006038598999285153,
      "CTF": 0.006038598999285153,
      "DED": 0.006038598999285153,
      "DIA_ADV": 0.00418945863586769,
      "PROB": 0.006038598999285153
    },
    "family_delta_viability_margin": {
      "ABD": 0.13470714796283062,
      "ANA": 0.13470714796283062,
      "CAU": 0.13470714796283062,
      "CTF": 0.13470714796283062,
      "DED": 0.13470714796283062,
      "DIA_ADV": 0.09345711222301645,
      "PROB": 0.13470714796283062
    },
    "family_delta_reasoning_trace_length": {
      "ABD": 1.0,
      "ANA": 1.0,
      "CAU": 1.0,
      "CTF": 1.0,
      "DED": 1.0,
      "DIA_ADV": 1.0,
      "PROB": 1.0
    },
    "family_delta_success_rate": {
      "ABD": 0.1493924231593996,
      "ANA": 0.1493924231593996,
      "CAU": 0.1493924231593996,
      "CTF": 0.1493924231593996,
      "DED": 0.1493924231593996,
      "DIA_ADV": 0.10364546104360259,
      "PROB": 0.1493924231593996
    },
    "family_delta_spatial_information_usage": {
      "ABD": 0.12449368596616633,
      "ANA": 0.12449368596616633,
      "CAU": 0.12449368596616633,
      "CTF": 0.12449368596616633,
      "DED": 0.12449368596616633,
      "DIA_ADV": 0.08637121753633549,
      "PROB": 0.12449368596616633
    }
  }
}