{
  "scenario": "homogeneous_safe__core_plus_heur",
  "reasoning_mode": "fixed",
  "family_profile": "core_plus_heur",
  "regime_label": "homogeneous_safe",
  "total_episodes": 8,
  "successful": 0,
  "failed": 8,
  "errors": 0,
  "success_rate": 0.0,
  "avg_metrics": {
    "intervention_precision": -0.06451612903225812,
    "proposition_diversity": 2.321928094887362,
    "spatial_information_usage": 0.7999999999999999,
    "wall_time_ms": 214.75328925001236,
    "artifact_size_bytes": 11168.625,
    "reasoning_trace_length": 6.0,
    "ivc_r": 0.00040342276616820024,
    "family_mix_entropy": 2.584962500721156,
    "viability_margin": 0.9344
  },
  "failure_distribution": {
    "total_episodes": 8,
    "total_failures": 8,
    "failure_rate": 1.0,
    "failure_distribution": {
      "certification_failed": 8
    },
    "secondary_causes": {}
  },
  "optional_family_usage_rate": 1.0,
  "family_specific_activation_counts": {
    "ABD": 8,
    "ANA": 8,
    "CAU": 8,
    "CTF": 8,
    "DED": 0,
    "HEUR": 8,
    "PROB": 8
  },
  "family_impact_aggregates": {
    "family_contribution_proxy": {
      "ABD": 0.16,
      "ANA": 0.16,
      "CAU": 0.16,
      "CTF": 0.16,
      "HEUR": 0.19999999999999998,
      "PROB": 0.16
    },
    "family_delta_ivc_r": {
      "ABD": 6.454764258691204e-05,
      "ANA": 6.454764258691204e-05,
      "CAU": 6.454764258691204e-05,
      "CTF": 6.454764258691204e-05,
      "HEUR": 8.068455323364005e-05,
      "PROB": 6.454764258691204e-05
    },
    "family_delta_intervention_precision": {
      "ABD": -0.010322580645161299,
      "ANA": -0.010322580645161299,
      "CAU": -0.010322580645161299,
      "CTF": -0.010322580645161299,
      "HEUR": -0.012903225806451622,
      "PROB": -0.010322580645161299
    },
    "family_delta_viability_margin": {
      "ABD": 0.149504,
      "ANA": 0.149504,
      "CAU": 0.149504,
      "CTF": 0.149504,
      "HEUR": 0.18688,
      "PROB": 0.149504
    },
    "family_delta_reasoning_trace_length": {
      "ABD": 1.0,
      "ANA": 1.0,
      "CAU": 1.0,
      "CTF": 1.0,
      "HEUR": 1.0,
      "PROB": 1.0
    },
    "family_delta_success_rate": {
      "ABD": 0.0,
      "ANA": 0.0,
      "CAU": 0.0,
      "CTF": 0.0,
      "HEUR": 0.0,
      "PROB": 0.0
    },
    "family_delta_spatial_information_usage": {
      "ABD": 0.128,
      "ANA": 0.128,
      "CAU": 0.128,
      "CTF": 0.128,
      "HEUR": 0.16000000000000003,
      "PROB": 0.128
    }
  }
}