{
  "run_id": "msrc-core-plus-dialectic-heterogeneous-elevated-probe-before-switch",
  "policy_name": "probe_before_switch",
  "level": "heterogeneous_elevated",
  "topology": "gradient_ns",
  "total_episodes": 1,
  "successful": 0,
  "failed": 1,
  "errors": 0,
  "success_rate": 0.0,
  "avg_metrics": {
    "intervention_precision": -0.05128205128205133,
    "proposition_diversity": 2.321928094887362,
    "spatial_information_usage": 0.2,
    "wall_time_ms": 178.06135099999665,
    "artifact_size_bytes": 11539.0,
    "reasoning_trace_length": 6.0,
    "ivc_r": 0.00041100991412970736,
    "viability_margin": 0.9344,
    "family_mix_entropy": 2.584962500721156
  },
  "failure_distribution": {
    "certification_failed": 1
  },
  "collapse_count": 0,
  "optional_family_usage_rate": 1.0,
  "family_specific_activation_counts": {
    "ABD": 1,
    "ANA": 1,
    "CAU": 1,
    "CTF": 1,
    "DED": 0,
    "DIA_ADV": 1,
    "PROB": 1
  },
  "family_impact_aggregates": {
    "family_contribution_proxy": {
      "ABD": 0.17670682730923698,
      "ANA": 0.17670682730923698,
      "CAU": 0.17670682730923698,
      "CTF": 0.17670682730923698,
      "DIA_ADV": 0.11646586345381527,
      "PROB": 0.17670682730923698
    },
    "family_delta_ivc_r": {
      "ABD": 7.262825791850252e-05,
      "ANA": 7.262825791850252e-05,
      "CAU": 7.262825791850252e-05,
      "CTF": 7.262825791850252e-05,
      "DIA_ADV": 4.786862453719484e-05,
      "PROB": 7.262825791850252e-05
    },
    "family_delta_intervention_precision": {
      "ABD": -0.009061888579960879,
      "ANA": -0.009061888579960879,
      "CAU": -0.009061888579960879,
      "CTF": -0.009061888579960879,
      "DIA_ADV": -0.005972608382246942,
      "PROB": -0.009061888579960879
    },
    "family_delta_viability_margin": {
      "ABD": 0.16511485943775103,
      "ANA": 0.16511485943775103,
      "CAU": 0.16511485943775103,
      "CTF": 0.16511485943775103,
      "DIA_ADV": 0.10882570281124498,
      "PROB": 0.16511485943775103
    },
    "family_delta_reasoning_trace_length": {
      "ABD": 1.0,
      "ANA": 1.0,
      "CAU": 1.0,
      "CTF": 1.0,
      "DIA_ADV": 1.0,
      "PROB": 1.0
    },
    "family_delta_success_rate": {
      "ABD": 0.0,
      "ANA": 0.0,
      "CAU": 0.0,
      "CTF": 0.0,
      "DIA_ADV": 0.0,
      "PROB": 0.0
    },
    "family_delta_spatial_information_usage": {
      "ABD": 0.0353413654618474,
      "ANA": 0.0353413654618474,
      "CAU": 0.0353413654618474,
      "CTF": 0.0353413654618474,
      "DIA_ADV": 0.023293172690763055,
      "PROB": 0.0353413654618474
    }
  },
  "proxy_mapping": {
    "closure_rate": "success_rate",
    "continuity_mean": "viability_margin"
  },
  "msrc_metrics": {
    "scale_selection_accuracy": 1.0,
    "upgrade_regret": 0,
    "downgrade_regret": 0,
    "missed_upgrade_regret": 1,
    "keep_scale_rate": 1.0,
    "upgrade_rate": 0.0,
    "downgrade_rate": 0.0,
    "probe_rate": 0.0,
    "probe_commit_rate": 0.0,
    "oscillation_rate": 0.0,
    "probe_value_rate": 0.0,
    "mean_resolution_cost": 1.0,
    "resolution_efficiency": 0.00041100991412970736,
    "cross_scale_memory_contamination_rate": 0.1111111111111111,
    "vram_headroom_mean": 0.996704,
    "vram_peak_ratio": 0.003296,
    "vram_recompute_avoided": 0,
    "vram_enabled_probe_success_rate": 0.0,
    "vram_efficiency_after_intelligence": 0.12469960986945006,
    "selected_scale_distribution": {
      "1x1": 1
    },
    "regime_distribution": {},
    "regime_probe_rate": {}
  },
  "generated_at": "2026-04-21T17:39:20.492677+00:00"
}