{
  "run_id": "msrc-core-plus-dialectic-viability-edge-adaptive-msrc-regime-v3",
  "policy_name": "adaptive_msrc_regime_v3",
  "level": "viability_edge",
  "topology": "hotspot_center",
  "total_episodes": 1,
  "successful": 0,
  "failed": 1,
  "errors": 0,
  "success_rate": 0.0,
  "avg_metrics": {
    "intervention_precision": 0.0,
    "proposition_diversity": 2.584962500721156,
    "spatial_information_usage": 0.3333333333333333,
    "wall_time_ms": 164.32257200017375,
    "artifact_size_bytes": 11281.0,
    "reasoning_trace_length": 6.0,
    "ivc_r": 0.0004142842022495556,
    "viability_margin": 0.8948,
    "family_mix_entropy": 2.584962500721156
  },
  "failure_distribution": {
    "certification_failed": 1
  },
  "collapse_count": 0,
  "optional_family_usage_rate": 1.0,
  "family_specific_activation_counts": {
    "ABD": 1,
    "ANA": 1,
    "CAU": 1,
    "CTF": 1,
    "DED": 0,
    "DIA_ADV": 1,
    "PROB": 1
  },
  "family_impact_aggregates": {
    "family_contribution_proxy": {
      "ABD": 0.17563025210084038,
      "ANA": 0.17563025210084038,
      "CAU": 0.17563025210084038,
      "CTF": 0.17563025210084038,
      "DIA_ADV": 0.12184873949579833,
      "PROB": 0.17563025210084038
    },
    "family_delta_ivc_r": {
      "ABD": 7.276083888248499e-05,
      "ANA": 7.276083888248499e-05,
      "CAU": 7.276083888248499e-05,
      "CTF": 7.276083888248499e-05,
      "DIA_ADV": 5.048000783713073e-05,
      "PROB": 7.276083888248499e-05
    },
    "family_delta_intervention_precision": {
      "ABD": 0.0,
      "ANA": 0.0,
      "CAU": 0.0,
      "CTF": 0.0,
      "DIA_ADV": 0.0,
      "PROB": 0.0
    },
    "family_delta_viability_margin": {
      "ABD": 0.15715394957983198,
      "ANA": 0.15715394957983198,
      "CAU": 0.15715394957983198,
      "CTF": 0.15715394957983198,
      "DIA_ADV": 0.10903025210084034,
      "PROB": 0.15715394957983198
    },
    "family_delta_reasoning_trace_length": {
      "ABD": 1.0,
      "ANA": 1.0,
      "CAU": 1.0,
      "CTF": 1.0,
      "DIA_ADV": 1.0,
      "PROB": 1.0
    },
    "family_delta_success_rate": {
      "ABD": 0.0,
      "ANA": 0.0,
      "CAU": 0.0,
      "CTF": 0.0,
      "DIA_ADV": 0.0,
      "PROB": 0.0
    },
    "family_delta_spatial_information_usage": {
      "ABD": 0.05854341736694679,
      "ANA": 0.05854341736694679,
      "CAU": 0.05854341736694679,
      "CTF": 0.05854341736694679,
      "DIA_ADV": 0.04061624649859944,
      "PROB": 0.05854341736694679
    }
  },
  "proxy_mapping": {
    "closure_rate": "success_rate",
    "continuity_mean": "viability_margin"
  },
  "msrc_metrics": {
    "scale_selection_accuracy": 1.0,
    "upgrade_regret": 0,
    "downgrade_regret": 0,
    "missed_upgrade_regret": 0,
    "keep_scale_rate": 0.0,
    "upgrade_rate": 1.0,
    "downgrade_rate": 0.0,
    "probe_rate": 0.0,
    "probe_commit_rate": 0.0,
    "oscillation_rate": 0.0,
    "probe_value_rate": 0.0,
    "mean_resolution_cost": 1.0,
    "resolution_efficiency": 0.0004142842022495556,
    "cross_scale_memory_contamination_rate": 0.1111111111111111,
    "vram_headroom_mean": 0.996704,
    "vram_peak_ratio": 0.003296,
    "vram_recompute_avoided": 1,
    "vram_enabled_probe_success_rate": 0.0,
    "vram_efficiency_after_intelligence": 0.125693022527171,
    "selected_scale_distribution": {
      "1x1": 1
    },
    "regime_distribution": {
      "heterogeneous": 1
    },
    "regime_probe_rate": {
      "heterogeneous": 0.0
    }
  },
  "generated_at": "2026-04-21T17:39:22.300513+00:00"
}