{
  "scenario": "heterogeneous_elevated__core_only",
  "reasoning_mode": "fixed",
  "family_profile": "core_only",
  "regime_label": "heterogeneous_elevated",
  "total_episodes": 1,
  "successful": 1,
  "failed": 0,
  "errors": 0,
  "success_rate": 1.0,
  "avg_metrics": {
    "intervention_precision": 0.08769230769230774,
    "proposition_diversity": 3.0,
    "spatial_information_usage": 0.875,
    "wall_time_ms": 620.3157130003092,
    "artifact_size_bytes": 4087346.0,
    "reasoning_trace_length": 6.0,
    "ivc_r": 0.4573494763912494,
    "family_mix_entropy": 2.584962500721156,
    "viability_margin": 0.942
  },
  "failure_distribution": {
    "total_episodes": 1,
    "total_failures": 0,
    "failure_rate": 0.0,
    "failure_distribution": {},
    "secondary_causes": {
      "spatial_complexity": 1
    }
  },
  "optional_family_usage_rate": 0.0,
  "family_specific_activation_counts": {
    "ABD": 1,
    "ANA": 1,
    "CAU": 1,
    "CTF": 1,
    "DED": 1,
    "DIA_ADV": 0,
    "EML_SR": 0,
    "FAL_GUARD": 0,
    "HEUR": 0,
    "IND": 0,
    "PROB": 1
  },
  "family_impact_aggregates": {
    "family_contribution_proxy": {
      "ABD": 0.16666666666666669,
      "ANA": 0.16666666666666669,
      "CAU": 0.16666666666666669,
      "CTF": 0.16666666666666669,
      "DED": 0.16666666666666669,
      "PROB": 0.16666666666666669
    },
    "family_delta_ivc_r": {
      "ABD": 0.07622491273187491,
      "ANA": 0.07622491273187491,
      "CAU": 0.07622491273187491,
      "CTF": 0.07622491273187491,
      "DED": 0.07622491273187491,
      "PROB": 0.07622491273187491
    },
    "family_delta_intervention_precision": {
      "ABD": 0.014615384615384624,
      "ANA": 0.014615384615384624,
      "CAU": 0.014615384615384624,
      "CTF": 0.014615384615384624,
      "DED": 0.014615384615384624,
      "PROB": 0.014615384615384624
    },
    "family_delta_viability_margin": {
      "ABD": 0.157,
      "ANA": 0.157,
      "CAU": 0.157,
      "CTF": 0.157,
      "DED": 0.157,
      "PROB": 0.157
    },
    "family_delta_reasoning_trace_length": {
      "ABD": 1.0,
      "ANA": 1.0,
      "CAU": 1.0,
      "CTF": 1.0,
      "DED": 1.0,
      "PROB": 1.0
    },
    "family_delta_success_rate": {
      "ABD": 0.16666666666666669,
      "ANA": 0.16666666666666669,
      "CAU": 0.16666666666666669,
      "CTF": 0.16666666666666669,
      "DED": 0.16666666666666669,
      "PROB": 0.16666666666666669
    },
    "family_delta_spatial_information_usage": {
      "ABD": 0.14583333333333334,
      "ANA": 0.14583333333333334,
      "CAU": 0.14583333333333334,
      "CTF": 0.14583333333333334,
      "DED": 0.14583333333333334,
      "PROB": 0.14583333333333334
    }
  }
}